src_cate,K歌,主题乐园,丽人,交通设施,亲子,人文古迹,人文街区,休闲娱乐,休闲食品,公园,公园景点售票处,其他,其他旅游,养车/用车,农林牧渔基地,动物园类,医疗健康,医药健康,商务住宅,地名,地标建筑,境外医疗医美,大型百货商场,宠物,宠物生活,室内设施,家居,展览馆,度假景区,影视基地,政府机构及社会团体,教育培训,数码家电,数码家电/办公,旅游,旅游项目/观光项目,日用百货,景区设施,景点,服饰鞋帽,植物园,母婴玩具,水上项目/水上体验,水果,温泉景区,游玩,滑雪景区,特色体验,现代建筑,甜点,生活服务,生鲜果蔬,电影演出赛事,纪念地,结婚,美妆个护,美妆日化,美食,自然景观,购物,超市便利,运动健身,通行设施,酒店,酒水茶饮,非标住宿,食材,餐饮,饮品,鲜花绿植
K歌,0.02091658361932631,0.5496257101242291,2.219771796110693,1.191956761699954,1.8352534455594518,0.3711001942023189,0.8556125269628382,6.520800659603882,0.08698850396357875,0.6550276735925572,4.320843261162333,0.5761124348216443,0.6233562791350367,1.3098425952746746,6.913349217859733,0.5443582061306876,0.9531972779974263,0.415798870360449,4.800936956847036,7.514510019412753,0.15042100125891497,28.80562174108222,1.5570606346530929,1.8566123387806897,86.41686522324665,86.41686522324665,1.2485408804184246,0.695974753475812,0.3813209717517778,1.1717541047219886,8.230177640309204,2.6578121993089923,0.24336546785860552,86.41686522324665,0.49078802739270516,4.431634114012649,0.17503922467742894,7.856078656658787,21.60421630581166,0.26795927201006714,0.8277477511805236,0.0948593471166264,0.6223436795912826,0.25992236685732195,0.452165807570081,1.8003513588176387,0.9006447652240401,34.56674608929866,57.61124348216444,0.19003648645040624,1.7229168917717186,24.690532920927616,4.696150359570643,1.7636094943519727,1.9162435776791416,43.20843261162332,0.07652165828612245,0.34868245902510014,0.7560831318001299,2.4480889940771835,0.21954838351120606,5.3159923821542225,34.56674608929866,2.2840391764333434,0.45801381807499514,0.7822743103660235,0.06461557142459,1.5154363147808083,0.35089399724517406,0.7205694539162913
主题乐园,0.9281693917132557,0.015485419435311308,0.24454010773426027,2.3507934662763623,7.604295864364989,8.709477797151152,9.562220947807315,1.490207346846046,0.018381420007014267,9.781184509114155,4.260813157625907,2.8405421050839377,10.902764116324454,0.7104046189296699,6.817301052201451,14.761872357129127,0.22558904871613006,0.09396340163168598,4.734236841806563,9.262637299186755,9.344864366594678,28.405421050839376,1.5354281649102366,0.3952902831781847,85.21626315251812,85.21626315251812,0.5276548802013507,6.80586262761722,8.648534153371944,16.75438394185102,8.115834585954108,1.4726887891032716,0.02181675963966158,85.21626315251812,17.810075317797693,69.9210364328354,0.04142577102816356,7.746933013865285,21.30406578812953,0.033029559361441134,9.958222322420703,0.04677072620884639,6.750671052205654,0.043320207486823734,1.6261644553573789,4.818776785410251,6.79420962081046,34.086505261007254,56.81084210167875,0.043921003574781924,0.6299589345952281,24.347503757862324,0.7591649278620769,1.7391074112758802,1.128131896773366,42.60813157625906,0.0377292658819052,0.09785820937343857,6.65937391508046,0.42012948144216006,0.043084212120187135,1.582964640604052,34.086505261007254,3.418394547942993,0.01456937308129905,0.6267674234697231,0.031858928948900155,0.4280472524808978,0.0680308495054617,0.05075417698184522
丽人,2.35308518626897,0.22573620780848397,0.0018901081845183725,1.1174449939161208,2.6833920214352047,0.2242034640431953,1.0695018093586635,6.468371021599601,0.08543403150686475,0.27779831783422776,1.3502460343153124,1.6202952411783746,0.22555362760012812,3.028971778380693,2.1603936549045,0.24571406398738843,8.495260732113989,0.8770643847597459,1.5002733714614584,1.1741269863611414,0.32904167938058093,27.00492068630625,0.4865751475010135,1.8262605053971752,27.004920686306246,27.004920686306246,3.845902017244853,0.326233941176854,0.14895157576561638,0.27462631206413135,2.5718972082196427,6.470423292735357,0.1728425543158362,27.004920686306246,0.30503444202996266,1.3848677275028847,0.2384878553621536,2.4549927896642045,6.7512301715765615,0.38727987030749267,0.05173356453315374,0.3260747832594607,0.6112224846694829,0.17160145317599448,0.22857350534731358,0.5626025142980469,0.21812207954025367,10.8019682745225,18.0032804575375,0.22919142740132606,3.7748813862578623,7.715691624658928,1.1788339542351947,0.5511208303327806,9.849221445080088,13.502460343153123,1.0402028223847002,0.3931366370745652,0.2953411488858309,2.5106112435209003,0.28125859049391205,5.223592815482848,10.8019682745225,1.0706295000053934,0.1754465696836446,0.30557194553104666,0.15144078446784573,1.3484262668714526,0.35572161754120807,0.5629375962005472
交通设施,1.3642417680902494,0.5121174690954811,0.5917443427679648,38.87148182665425,0.5490857150379801,2.420425793672287,9.300932120239052,1.5268265044481033,0.20263031582056606,1.5258161518313116,140.90912162162164,37.575765765765766,5.349624966652302,2.135795704761222,225.45459459459462,0.9862405712799415,1.2434072060147507,0.28249623420533604,156.5656906906907,61.26483548766158,9.810904899677746,939.3941441441442,50.77806184562941,0.6880328204180743,2818.1824324324325,2818.1824324324325,5.816682007084484,1.8913976056593507,6.217721858648499,9.55316078790655,536.7966537966538,2.4764344748966893,1.4430017575178866,2818.1824324324325,6.224293881184775,144.52217602217604,0.22833157240692184,256.198402948403,704.5456081081081,1.0923187722606327,5.398816920368645,1.5467521583053965,52.18856356356356,0.11938668668032588,2.6021998452746375,8.387447715572716,0.7342841147557145,1127.272972972973,1878.7882882882884,0.09683394234088744,3.156566344570377,805.1949806949807,2.51063022933847,57.51392719249863,0.9327097244522365,1409.0912162162163,0.3119356281401774,0.19123375537831194,4.483089970065513,3.308114135969518,0.24934623877631615,1.5173953061959524,1127.272972972973,2.9054788656222654,0.4818229496379608,4.783336518980083,0.42144196686592383,1.0724187537201855,0.15516169287254536,1.6784886434975774
亲子,1.3061915716712837,5.1795024209201275,2.941881487593094,2.096757835205404,0.014809054364577868,1.5014358818515652,1.00339896404219,4.753898562227157,0.049185162765010296,3.415603755643887,3.8003735763097954,4.560448291571754,2.6547788080524004,1.6128906424656955,6.080597722095672,4.947467962859997,4.393107774070886,0.4571419698848992,4.222637307010884,1.652336337525998,0.6615097608894335,25.335823842065302,1.3695039914629892,2.004103253132118,76.0074715261959,76.0074715261959,1.7256598282521258,2.5505862928253658,1.7607908461667003,2.3188720126636038,7.238806812018657,7.213362851343723,0.1751324228714191,76.0074715261959,4.283124381453457,3.897819052625431,0.3694914556671464,6.909770138745082,19.001867881548975,0.2651423425332415,3.640204575009382,7.050089290849125,2.971485512340992,0.057958293087268915,0.9825527251770477,5.429105109013993,4.772746388174364,30.402988610478364,50.671647684130605,0.12666497277865876,4.358851413688654,21.716420436055973,2.369943432888068,1.5511728882897122,6.515285495708998,38.00373576309795,0.20191259246540505,0.18765905465573293,2.0101399309970285,2.658789354948513,0.1556348954351046,3.8673878364385583,30.402988610478364,0.7729331890521819,0.06497475767327399,0.38702531470198764,0.07388194480638155,1.1313928279946204,0.18517611419085186,0.5205991200424376
人文古迹,0.899627853269897,5.931911606384542,0.3280081001110816,2.2289729989712623,2.141030079869133,0.046264111773666336,17.600059076035464,1.084665331112084,0.011619250965301735,12.861548314313062,16.16005424254165,3.23201084850833,10.307096100026564,0.2449420877990398,12.92804339403332,7.860883778524197,0.3564979978500254,0.11339252174999152,8.97780791252314,10.539165810353252,12.65800593410573,53.86684747513883,2.91172148514264,0.197266287140401,161.6005424254165,161.6005424254165,0.33354085123924976,16.26851098242448,6.417671844804185,15.886155018091792,15.390527850039668,0.23667331931080332,0.08274477338731004,161.6005424254165,13.38938046346765,8.287207303867513,0.11783713849129014,58.76383360924237,40.40013560635413,0.2505434766285527,8.97780791252314,0.08869404084819786,5.985205275015425,0.05476708137524442,2.1636268376440806,10.10003390158853,2.8210621007042485,64.6402169701666,107.73369495027767,0.055526631020733595,0.47061089864032585,46.171583550119,0.5758593939435778,23.0857917750595,2.888111630306964,80.80027121270825,0.12520934163239975,0.07929079381346156,14.106708714408004,0.18969426273672557,0.06127731777089963,0.826601240027706,64.6402169701666,4.611965431232891,0.1657724832539749,1.2800042964389424,0.036249560885019405,0.7153890412909081,0.06005677302583216,0.3849923583690685
人文街区,0.43702983047046945,7.218417659631542,0.3791262455829385,24.9046723391551,1.407180706937161,11.372159284555504,5.9590387610189595,1.2499560897405828,0.12982375212746222,13.686108513396007,90.27943722943724,12.037258297258298,13.024368317079023,1.368388590063467,144.44709956709957,7.582524911658771,0.796641846277849,0.18099325827874344,100.31048581048582,39.2519292301901,22.00021098715616,601.8629148629149,32.53313053313053,0.44081756459686144,1805.5887445887445,1805.5887445887445,3.7267053551883276,16.359361108689967,3.983648636709861,6.120639812165236,171.96083281797567,0.5288777810746176,0.46226030327412815,1805.5887445887445,4.8993699764823635,92.5942945942946,0.14629035807889362,164.1444313262495,451.3971861471861,0.6998405986778079,13.835929077308387,0.9909927248017258,20.433617479913774,0.22947051465828872,1.6672102904789887,5.37377602556174,0.4704504285014967,722.2354978354979,1203.7258297258297,0.09306119134059312,1.6179110614594485,515.882498453927,3.217084622875269,36.848749889566214,1.792740769077026,902.7943722943722,0.19985486131924785,0.17907070267193245,14.002378412996828,0.2825979175315952,0.04564408576239306,0.2430460014253257,722.2354978354979,4.146110337168962,0.3087004179498623,1.0215495018889644,0.13500738332501455,0.7443483701867377,0.17396917079649024,0.5376976606875356
休闲娱乐,6.037607069214171,1.0843086882040298,6.428843475679275,2.3695614711179203,4.784213477130307,0.7803565833407713,1.1717468440786636,0.0003447170853520531,0.07493616051049985,1.2959675217871967,0.5726440221868306,1.450698189539971,1.2783397306220823,2.360881758769503,3.6649217419957165,1.1823621105519864,5.77570807288372,0.6360160150190541,1.9088134072894356,3.734634927305418,0.6578678061676384,3.817626814578871,0.41271641238690493,2.656307720104927,11.452880443736612,11.452880443736612,1.8674459340664449,1.4104721888762874,1.30132011660769,0.6211731766094434,1.090750518451106,2.6401338339838065,0.24923062921597852,11.452880443736612,2.0171003545446387,0.5873272022429032,0.2783766767770698,1.0411709494306012,8.58966033280246,0.23971145114797562,1.3822441914854535,0.21372005218827927,1.4610670524931482,0.19601210308062073,2.525696779912984,2.113329129499018,1.1578211600233992,4.581152177494645,7.635253629157742,0.18082511622918312,2.334704570743799,3.272251555353318,4.836227465773858,0.46746450790761684,2.27427710284361,5.726440221868306,0.20409693413488242,0.4401114204938378,1.147793148467539,1.737851483382658,0.233064582567571,5.199968466378193,4.581152177494645,3.4526631938965107,0.42490597645594896,2.241978293370788,0.1404420811105731,1.5577762386996807,0.32426825423791955,0.6105019652855431
休闲食品,0.13486433886743418,0.023824096633100842,0.07799713260273726,0.45208277162742744,0.05747374739150441,0.046916691873731015,0.1081716202738894,0.08385384300969242,0.0023566293459151917,0.035491067615580386,1.6388000471494244,0.21850667295325657,0.01244343240052714,0.14903827636069034,5.244160150878158,0.022940333118452134,0.04338319118860157,0.3515469227044675,1.8208889412771383,0.7125217596301845,0.057051350640536964,10.925333647662828,4.133910028845395,0.24005860065665394,32.77600094298848,32.77600094298848,0.06764912475333021,0.03299597410367968,0.036156647482612776,0.11110508794233385,3.1215238993322365,0.038401875738709415,0.5118627899442646,32.77600094298848,0.012409667801977088,1.6808205611788967,0.6824737486204612,2.9796364493625895,8.19400023574712,0.5335628060486497,0.0627892738371427,0.4677146127978598,0.03372016557920626,1.4745763911568819,0.005044013687748305,0.09754762185413239,0.008539864758464952,13.110400377195395,21.850667295325657,1.6324229550604077,0.07342294118052976,9.364571697996709,0.08759732991444584,0.6688979784283364,0.08678074054076051,16.38800047149424,0.4317166541829244,1.3084464122475634,0.026069597091261474,0.2821426696191833,3.0010282475227337,0.04411899440434579,13.110400377195395,0.12287736423633155,1.3953195819463386,0.018543706332666752,1.4924917432540743,0.4577383759150178,1.0890520674228916,0.33185944969077086
公园,0.8567515488430986,9.755584262769363,0.22710037482938394,12.205755255328489,3.390817866839916,12.244775467281299,21.417139309404774,1.30510912426422,0.021208830793100267,0.15970352932887844,14.748620933521925,7.865931164545025,9.1828923048504,0.44709726209994466,23.59779349363508,6.6065563586729885,0.6507223001774508,0.02956820556038878,16.38735659280214,38.4746633048398,6.674745766258834,98.32413955681282,5.314818354422314,0.28805900260785006,294.97241867043846,294.97241867043846,1.826454604770517,8.017706681981716,7.484131968472238,7.9992520317407045,28.09261130194652,0.6048057793477063,0.07551777231706054,294.97241867043846,13.681121204188319,15.126790701048128,0.047797839768351384,26.815674424585318,73.74310466760961,0.45732157933401313,19.212762901905954,0.16189485108147006,6.069391330667457,0.0499836764602213,2.451294337981483,21.947352579645717,4.995624599681735,117.9889674681754,196.64827911362565,0.020270754549436127,0.5947024569968518,84.27783390583956,1.5766899884388692,12.039690557977082,0.87862047593379,147.48620933521923,0.03264955655215435,0.08160361098832981,14.83953508125292,0.32316890569207174,0.059653656639959245,1.3102826512484143,117.9889674681754,3.469613247400537,0.050431256397749785,0.6675471992541747,0.06616698489691307,0.5687207044716948,0.05278131136612045,0.17568339408602648
公园景点售票处,2.3477649032250802,1.762636870375144,0.6789004862764247,133.79021651964717,1.8898764145493265,2.776922615996112,32.01251055338092,0.2919513212639784,0.697425273056832,5.251646290024049,484.9895348837209,64.66527131782945,3.6825325351839098,7.351110797782811,775.9832558139535,3.394502431382124,4.279634104422863,0.9723126200555752,538.8772609819122,210.8650151668352,16.883882850608213,3233.263565891473,174.77100356170124,2.3681129632994184,9699.790697674418,9699.790697674418,20.020207838337296,3.2549633213672546,10.70026552418579,32.88064643279464,923.7895902547065,2.841180637865969,2.4833053501470603,9699.790697674418,7.3450803541423,497.4251639833035,0.7858854120052192,881.799154334038,2424.9476744186045,3.759608797548224,18.58197451661766,5.32370510300462,9.979208536702076,0.4109123169462379,1.4927347949637455,28.868424695459577,2.5273034647405987,3879.9162790697674,6466.527131782946,0.16664445891222487,2.172892181378678,2771.3687707641193,8.641238928885896,197.95491219743712,3.210256726021651,4849.895348837209,1.0736389061568896,0.05063076171017919,3.8575425323819523,0.7590711505790522,0.12260213733852088,1.3056657285872149,3879.9162790697674,0.4545569472643713,1.658367361544609,5.487858952008158,0.725272222048334,0.1845557855239389,0.13351122409963204,2.888561851600482
其他,2.663691051152466,0.39996509459699836,1.0783590837425006,30.35872986989355,5.574886098855269,0.6301196437352654,7.2640525266246945,2.5174061158065473,0.3165096226009897,2.383332880960782,110.05039577836412,14.673386103781882,0.8356142428121801,3.3361241615267634,176.0806332453826,0.7702564883875004,0.9711043086553198,0.6618909128610513,122.2782175315157,47.84799816450614,3.8311713064704653,733.6693051890941,39.65780028049157,2.6867772406827175,2201.007915567282,2201.007915567282,9.085687989957822,1.4771865205149546,2.4280285886015247,7.461043781584007,209.6198014825983,1.2894012393481442,4.5079527200558775,2201.007915567282,1.666693695135192,112.87220079832217,1.6049480445700255,200.09162868793476,550.2519788918205,2.5593115297293982,4.216490259707437,6.04008758388387,2.264411435768809,0.1864826346035697,3.3872082418702405,6.550618796331197,1.1469556620986359,880.403166226913,1467.3386103781882,0.18906891116690425,6.409745273829451,628.8594044477949,1.960808833467512,44.91852888912821,2.913795023090892,1100.503957783641,0.730867645879888,0.14935406752501407,0.8753262738386488,7.234208432431495,0.6676802413369581,2.0739070411860245,880.403166226913,1.6503175710706461,1.5052199798716241,1.245266147421376,0.32914728810636795,0.9213180638820381,0.06059084576553222,3.277260148253845
其他旅游,0.9252889174794455,8.738359438902728,0.2675647357876696,8.325585109037377,3.292925040690867,12.787507618089187,8.632413603154816,1.5018663241481263,0.014466612031569598,10.893429352196533,60.36049204052098,6.706721337835664,0.07638634781134016,0.7624162187763166,16.0961312108056,9.857648160598353,0.08877195682112066,0.12101141146856652,11.177868896392775,4.373948698588477,15.409699157429204,67.06721337835666,3.6252547772084673,0.29472896504160634,201.20164013506994,201.20164013506994,1.2458305890716406,11.950567216076301,13.095308072773442,18.415065368294538,76.64824386097902,0.7661456712817543,0.10302183314647718,201.20164013506994,14.512114259757995,20.63606565487897,0.0815076524752157,18.291058194097268,50.300410033767484,0.23395539550589525,15.803193956969096,0.11042900117182763,11.177868896392773,0.05114104089345363,1.8887811708586129,13.173916913605769,3.7744966361972474,80.48065605402799,134.1344267567133,0.024196807589281086,0.585936676020589,57.48618289573427,4.48110557093697,32.849247368991016,0.7324898366658181,100.60082006753497,0.06681110414579776,0.061963455117570954,13.922881441042822,0.22043455506444257,0.05849180599507822,1.4895800521508746,80.48065605402799,2.9040772839215307,0.1375972919371311,1.3660083064332895,0.10530966658781887,0.45683417950723837,0.038771711002401586,0.17975131638034836
养车/用车,0.7663856447380697,0.3661516204160927,2.5384974704248924,3.9703100830537115,0.9534159137581489,0.4120347566867937,0.9499916865392544,2.3998841874225305,0.10348270097116555,1.090921693096783,14.392374051069703,5.756949620427881,1.4206595494601832,0.21814890566229184,23.027798481711525,1.007340266041624,2.9210201030187792,0.6924959447186706,15.991526723410782,6.257553935247698,0.5010400017778835,95.94916034046469,5.186441099484577,3.4434879321407,287.84748102139406,287.84748102139406,7.723461823071461,0.2897793433101283,0.6350744203450504,0.9757541729538782,164.48427486936805,2.3607877763910463,1.031711401510373,287.84748102139406,0.9990289301556556,14.761409283148414,0.41978972318291213,26.167952820126732,71.96187025534852,0.33470637328069075,1.1028639119593644,0.4739530422964776,2.072975686368064,0.12194085320005679,0.9302550171513198,1.7133778632225836,0.5999947493932132,115.13899240855763,191.89832068092937,0.18297538587256715,27.211388214836088,82.24213743468401,0.5128685630670718,5.874438388191716,6.001784313866565,143.92374051069703,0.159304599602299,0.419197548817819,1.37370044631407,2.748162357444933,0.42931900956221875,2.2472949117298233,115.13899240855763,2.009900870340115,0.44291799097154155,2.27998004769421,0.19370624564023825,1.2907017335434245,0.28922824875689784,0.8571991692120132
农林牧渔基地,1.9229312540700658,1.4436835319263086,0.5560518268549764,109.58055829228245,3.0957975552617545,4.548863713822203,26.219770548483424,2.39122034559068,0.5712245093608339,4.30134838992446,397.22952380952387,105.92787301587302,3.016169505007774,6.020909796279255,635.5672380952382,2.780259134274883,3.505224123622536,0.7963703364264713,441.36613756613764,345.41697722567295,13.828704049069586,2648.1968253968257,143.14577434577436,3.879194568452381,7944.590476190477,7944.590476190477,16.397503562828643,2.66596995845318,8.764027000761695,26.93081517352704,756.627664399093,2.3270622367283176,2.033945334406164,7944.590476190477,0.5013308813144745,407.41489621489626,0.643677575547132,722.2354978354979,1986.1476190476192,3.079298634182355,15.21952198503923,4.360367989127594,8.17344699196551,0.3365567548321568,1.2226208796845917,47.28922902494331,2.0699818854065857,3177.836190476191,5296.393650793651,0.27297949459907317,3.559404335210787,2269.882993197279,7.077586170325592,162.13449951409137,2.6293531279796385,3972.2952380952383,0.8793613898046906,0.04146900482928963,4.739266539783541,3.108577092847547,0.20083397735452946,1.0694024062714331,3177.836190476191,0.37230378537843745,1.3582818389793943,8.989635616622888,0.5940324866300641,0.3527066123346388,0.10935205021493674,7.09760912107547
动物园类,1.2925747650216786,15.384159195889556,0.2748326201269654,2.1664392055525616,6.089878546148969,7.914046453721926,11.404193177743682,1.6782665859893167,0.011293273109186134,12.245601140210473,7.853342120128036,5.23556141341869,8.467536682294465,1.4284214542104803,12.565347392204858,0.054966524025393086,0.4850950349957755,0.1417002387352693,8.725935689031152,3.4144965739687114,9.295513736618041,52.35561413418691,2.8300331964425354,0.8436207355606288,157.06684240256072,157.06684240256072,0.6483667385038627,14.599837364264873,9.70297095923155,11.18102945916534,14.958746895481973,0.8281204344598982,0.08042337040581705,157.06684240256072,16.35390231363824,8.054709866797985,0.06362845550032843,14.278803854778248,39.26671060064018,0.12175724217252769,16.850082709853258,0.17241146257141682,8.402752885733701,0.03326911999376432,1.7161812573994784,4.674608404838116,3.8468689905786104,62.82673696102429,104.71122826837382,0.05127039086096319,0.4222226946305396,44.87624068644592,1.2593332575706428,6.410891526635131,0.7797460321159725,78.53342120128036,0.05215568401214038,0.06148906289411707,7.089714302123939,0.3072873232432616,0.02580854632733315,1.3108284061056354,62.82673696102429,2.281771458118648,0.08056086975682719,0.5331830576607436,0.10569774051316334,0.4263559501390286,0.04323843070069048,0.09354785134160853
医疗健康,0.8566000990377525,0.2947594978566177,7.740689652612586,2.033932936307169,4.108485088585402,0.21107949882947288,0.9733342434473252,5.6633498656927586,0.042410163325358005,0.15967529819411994,7.373006894113488,0.9830675858817983,0.16795004314609313,3.464391265138585,11.796811030581582,0.25802298842041954,0.06506072706034403,10.184446170898543,8.19222988234832,3.2056551713536905,0.256675609890809,98.30675858817983,2.6569394213021575,1.908053541933666,147.46013788226975,147.46013788226975,6.6958163744271095,0.6432824806944654,0.1626697604878872,0.4998648741771856,14.043822655454262,2.9803015564957853,0.3020176915151454,147.46013788226975,0.3815148389709762,7.562058352936911,0.11947347610473548,13.405467080206343,36.86503447056744,0.2857754610121507,0.28249068559821794,0.24279934887311158,0.30341592156845626,0.1124433916621489,0.4311699938078063,0.8777389159658914,0.11526326567139376,58.98405515290791,98.30675858817983,0.1824045412028454,4.129148126183629,42.131467966362784,0.65683803065599,3.0093905690259137,2.9282172010379566,73.73006894113487,0.27747217267126967,0.32019906857758007,0.11728784082900758,1.546320653928407,0.22738936272861254,2.6994990916662656,58.98405515290791,1.0296434014929563,0.12605585389149407,1.2514297415751323,0.19846586525204543,0.9642226904287058,0.19688008333730433,0.3952177608518248
医药健康,0.39652701909889604,0.15593888332319147,0.8381338557313273,0.5380135892962524,0.3647905096446096,0.06700140605321209,0.12873262450157855,0.6515868588763531,0.43190406417117194,0.04223712531020931,1.9502992611989152,0.2600399014931887,0.07404325213359587,0.798152028076858,6.240957635836528,0.1365038852982618,9.258866115376275,0.003909982480350672,2.1669991791099057,0.8479562005212674,0.13579107127581655,13.001995074659433,0.7028105445761855,2.0855250888796992,39.0059852239783,39.0059852239783,0.3220308377624628,0.1701603382254087,0.043029217014868504,0.13222367872535018,3.7148557356169807,0.28563258072626174,1.0385618185595862,39.0059852239783,0.1403004453692663,2.00030693456299,1.703400934634337,3.5459986567253003,9.751496305994575,1.4060296999341013,0.149448219248959,3.4253334993614315,0.2407776865677673,0.5833010435730801,0.07203321371002457,0.348267725214092,0.10163101934335149,15.602394089591321,26.003990149318867,0.4275436346954061,1.0485479898918897,11.144567206850942,0.17374603663242005,0.7960405147750674,0.4001937918064959,19.50299261198915,4.252686418243249,0.9783105611847632,0.14736800939661718,0.7509075685799321,3.3841079247862265,0.46204424548527273,15.602394089591321,1.1534175301715315,0.6535453157719052,0.22068449914556323,0.6824734965164441,0.5303958034546892,0.5712527377729697,0.6737186250716919
商务住宅,1.473779428301875,1.106472779943521,0.8523422163470442,83.98509942109237,2.3726915569524394,1.7431777005523037,20.095444580954446,0.9163435630913189,0.43779980644443467,3.296653875489549,304.44598540145984,40.59279805352798,2.311662759312527,4.614565902257823,487.1135766423358,2.1308555408676106,2.686485642192454,0.6103568271881713,338.2733171127332,132.36781973976517,10.598641789432893,2029.6399026763988,109.71026500953508,1.4865526630930654,6088.919708029196,6088.919708029196,12.56742973793436,2.0432616469896634,6.71695500058378,20.64040578992948,579.8971150503996,5.350544558900876,1.5588632125010744,6088.919708029196,0.3842316973578088,312.252292719446,0.49332952870400626,553.5381552753815,1522.229927007299,2.360046398460929,11.664597141818385,3.341887874878813,6.264320687272836,0.25794495808303985,0.9370451997582636,18.12178484532499,1.586482466917456,2435.5678832116787,4059.2798053527977,0.10460893041205357,1.36400531093844,1739.6913451511991,5.424427356818883,124.26366751079993,2.0151976528311093,3044.459854014598,0.6739631089743978,0.09534844176077541,1.2107615247622185,0.47649721861166777,0.07696192562856055,4.098074914543813,2435.5678832116787,5.136161710695232,1.041018927684937,27.55946685388038,0.45528037296464763,0.7337327336888471,0.7542896894387972,3.626515609308634
地名,2.2187668316193068,1.6657886906842023,0.6415982617557421,126.43910572186437,0.8930185255562753,2.62434445028204,15.126790701048128,1.9313702791309342,0.32955260155432725,4.963094296066684,229.17087912087914,30.55611721611722,3.4801955827012776,3.473601805545724,366.67340659340664,3.207991308778711,2.022244686705309,0.45944442486142567,509.26862026862034,99.6395126612518,7.978098489847838,1527.805860805861,82.58410058410058,2.2379968664148353,4583.417582417583,4583.417582417583,9.460098209324217,4.614178774245889,10.112338847032724,15.537008753957908,436.515960230246,1.3425359058047985,1.1734300006189409,4583.417582417583,2.0246054822315314,235.04705550859398,1.114057342293113,416.6743256743257,1145.8543956043957,1.7765184427975125,26.34148035872174,2.5155969168043812,4.71545018767241,0.19416735855701353,2.116074599454101,13.641123757195187,1.1942203185037994,1833.367032967033,3055.611721611722,0.07874408498050188,4.107005002166293,1309.5478806907379,4.0832227905724565,93.53913433505271,1.5169344969113299,2291.7087912087914,0.5073238787334754,0.14354655517831022,2.734192234490505,2.5107738057614806,0.4055301465812614,0.6169629266950576,1833.367032967033,1.503534517874459,0.7836241378727274,2.593164120179679,0.34271104997888313,1.1918382779439718,0.31543860638924054,1.364924830976052
地标建筑,0.43050699717986546,5.171403696452448,0.3734676449025961,12.266480405852512,1.3861780098186958,11.45702614488801,14.675244709972064,0.9903935013453937,0.19182912627789195,4.814942227527379,44.465991471215354,23.71519545131485,17.556807566463164,2.021947319646018,71.14558635394457,7.780575935470753,0.3923758347338659,0.08914593318206766,49.40665719023928,19.33303977009363,1.5479892592242073,296.43994314143566,16.02378071034787,0.651357296941631,889.3198294243069,889.3198294243069,1.835541443600221,14.623044175097665,7.848382388741816,21.102504427017454,84.69712661183875,1.0419681656992466,0.227680447881287,889.3198294243069,13.24411432726298,45.60614509868241,0.07205345994930581,80.84725722039154,222.32995735607673,0.6893952166079899,6.814711336584728,0.48810089430532766,14.639009537848674,0.037674263600614565,0.8211632774000989,7.940355619859884,1.158571950787268,355.72793176972283,592.8798862828713,0.12222962444734618,1.1953223513767566,254.09137983551628,3.9613355430926815,18.14938427396545,2.354644592220571,444.65991471215347,0.09843597647067431,0.051062580573379014,4.067280985635129,0.556760076330904,0.04496283075101406,1.5562199195741004,355.72793176972283,3.9592007027184577,0.15204647451261874,1.5094537415971265,0.06649617387649971,0.7896416694059076,0.06120450571731533,0.2648361612341593
境外医疗医美,2.622178982822817,1.9686593617176935,3.7912624558293846,149.42803403493062,2.1107710604057415,3.1014979866969563,35.75423256611376,0.3260755016714564,0.7789425127647734,5.865475077169718,541.6766233766234,72.22354978354979,4.1129584159196915,8.210331540380801,866.6825974025975,3.7912624558293855,9.559702155334188,1.0859595496724608,601.862914862915,235.51157538114063,18.857323703276705,3611.1774891774894,195.1987831987832,2.644905387581169,10833.532467532468,10833.532467532468,22.360232131129965,3.635413579708882,11.950945910129583,36.723838872991415,1031.764996907854,3.1732666864477057,2.773561819644769,10833.532467532468,0.6836330199742834,555.5657675657676,0.8777421484733618,984.8665879574971,2708.383116883117,4.199043592066848,20.753893615962582,5.9459563488103555,11.145609534498423,0.45894102931657743,1.6672102904789887,32.24265615337044,2.8227025710089806,4333.412987012987,7222.354978354979,0.18612238268118625,2.4268665921891728,3095.294990723562,9.651253868625806,221.0924993373973,3.585481538154052,5416.766233766234,1.1991291679154872,0.0565486429490313,2.1542120635379733,0.8477937525947856,0.13693225728717917,1.4582760085519544,4333.412987012987,0.5076869800615056,1.852202507699174,6.129297011333787,0.8100442999500874,0.06870908032492963,0.14911643211127737,3.226185964125214
大型百货商场,1.9990869473005632,0.7504295586745663,0.2890368406919432,56.96019119153295,0.8046008497586242,1.1822541830478497,13.629088651439401,0.24859221414556576,1.7815417866204222,2.235849410604298,206.48069306930694,27.53075907590759,1.5678108813159222,3.1296808346996126,330.3691089108911,1.4451842034597162,1.8220224404968626,0.8279097556908859,229.42299229922995,89.77421437795954,7.188187748278744,1376.5379537953795,74.4074569619124,2.0164130182549505,4129.6138613861385,4129.6138613861385,8.523454822262412,1.3857764635523955,4.555558589504841,13.998691055546233,393.2965582272513,1.2096115586954126,1.0572488124388475,4129.6138613861385,0.26059278484168225,211.77506981467377,1.003754635135379,375.41944194419443,1032.4034653465346,3.201251055338092,7.9111376654906875,4.533055830281162,4.248573931467221,0.6997714704430983,0.6355207542914957,12.290517444601603,1.0759806830083738,1651.8455445544555,2753.075907590759,0.9932669729223702,0.9250927108839916,1179.8896746817538,3.678943306357362,84.27783390583957,1.3667429625636733,2064.8069306930693,0.9141875834603219,0.5173360998505437,0.8211600440219008,0.6463378113841435,2.505453578878288,0.5558774884084182,1651.8455445544555,0.19352424487493036,0.7060375895684969,2.3364151973896115,1.852675577113566,0.4452484462640242,0.45473129792349926,2.4595675172043707
宠物,1.677967675597342,0.2243428985746142,2.020625491030379,1.3098768921550155,2.0723235001069122,0.21750031418548782,0.3134193883869261,2.9641168867217806,0.18436036931215435,0.15424917381901238,4.748303734061931,3.165535822707954,0.10816181626564762,3.2387066014821806,22.79185792349727,0.6314454659469935,1.4664957484418053,2.3227468145772074,5.27589303784659,2.0644798843747525,0.3306042634681936,31.65535822707954,1.711100444707002,0.02318507682647427,189.93214936247722,94.96607468123861,3.5281513813463268,0.2868102926614589,0.10476125171675522,0.3219188972245377,18.088776129759736,1.7524495327820833,0.8266376188331063,94.96607468123861,0.23371470389148138,4.870055111858391,1.2695484968526938,8.633279516476238,23.741518670309652,0.33127700470199517,0.18192734613264103,0.6254626213912532,0.09770172292308499,0.2333368211438792,0.13153195939229725,0.2826371270274959,0.5938472622068074,37.98642987249545,63.31071645415908,0.20883677182442756,5.701368282834218,27.133164194639605,2.030455048863899,1.9380831567599717,3.0801506929542892,47.483037340619305,0.9670572661103496,0.43522626994674524,0.4532085488864042,1.1593463747915032,2.924027477671991,0.8948210025153727,37.98642987249545,0.5206912572147203,0.08118146237069468,0.3761032660643114,0.35503990833422544,1.0498081033116042,0.32809349765649565,0.9615385762841313
宠物生活,2.692103755698092,2.021156944696832,0.7784725575969671,153.41278160919543,2.167058288683228,3.184204599675542,36.70767876787679,0.3347708483826952,0.7997143131051674,6.021887745894243,556.1213333333334,74.14951111111111,4.222637307010884,8.429273714790957,889.7941333333334,3.892362787984836,4.90731377307155,1.1149184709970597,617.9125925925927,241.79188405797103,19.36018566869742,3707.4755555555557,200.40408408408408,10.861744791666666,11122.426666666666,11122.426666666666,22.9565049879601,3.732357941834452,12.269637801066372,37.70314124293785,1059.2787301587302,3.2578871314196447,2.8475234681686294,11122.426666666666,0.7018632338402642,570.3808547008547,0.9011486057659849,1011.1296969696971,2780.6066666666666,4.311018087855297,21.30733077905492,6.104515184778632,11.442825788751716,0.4711794567650195,1.7116692315584283,33.10246031746032,2.89797463956922,4448.970666666667,7414.9511111111115,0.19108564621935123,2.491583034647551,3177.8361904761905,9.908620638455828,226.9882993197279,3.6810943791714936,5561.213333333333,1.231105945726567,0.05805660676100547,2.211657718565653,0.8704015859973132,0.14058378414817063,1.4971633687800063,4448.970666666667,0.5212252995298124,1.901594574571152,6.292744931636021,0.8316454812820897,0.07054132246692776,0.15309287030091143,3.3122175898352193
室内设施,2.692103755698092,2.021156944696832,0.7784725575969671,153.41278160919543,2.167058288683228,3.184204599675542,36.70767876787679,0.3347708483826952,0.7997143131051674,6.021887745894243,556.1213333333334,74.14951111111111,4.222637307010884,8.429273714790957,889.7941333333334,3.892362787984836,4.90731377307155,1.1149184709970597,617.9125925925927,241.79188405797103,19.36018566869742,3707.4755555555557,200.40408408408408,2.7154361979166666,11122.426666666666,11122.426666666666,22.9565049879601,3.732357941834452,12.269637801066372,37.70314124293785,1059.2787301587302,3.2578871314196447,2.8475234681686294,11122.426666666666,0.7018632338402642,570.3808547008547,0.9011486057659849,1011.1296969696971,2780.6066666666666,4.311018087855297,21.30733077905492,6.104515184778632,11.442825788751716,0.4711794567650195,1.7116692315584283,33.10246031746032,2.89797463956922,4448.970666666667,7414.9511111111115,0.19108564621935123,2.491583034647551,3177.8361904761905,9.908620638455828,226.9882993197279,3.6810943791714936,5561.213333333333,1.231105945726567,0.11611321352201094,2.211657718565653,0.8704015859973132,0.14058378414817063,1.4971633687800063,4448.970666666667,0.5212252995298124,1.901594574571152,6.292744931636021,0.8316454812820897,0.21162396740078326,0.15309287030091143,3.3122175898352193
家居,0.495276651702429,0.24789332927598104,3.9623807612764677,9.407979248315335,1.5947280946973876,1.3668907725508253,6.753252430721405,2.1145583023355035,0.049042169650766604,0.369289927180759,34.10392477514309,4.547189970019079,1.0358063713027514,3.101531620323737,54.56627964022895,0.7160929086644219,6.31972133490408,0.5469755376927521,37.89324975015899,14.827793380496997,2.374511733691425,227.35949850095395,12.289702621673186,3.996553684587081,682.0784955028618,682.0784955028618,1.4077987523278883,1.831083209403656,0.7524307727555012,2.31213049323004,64.95985671455827,11.587742454354418,4.714828309927616,682.0784955028618,0.12912447065744845,34.978384384762144,2.818392000862544,62.00713595480562,170.51962387571544,0.26437150988483016,1.3066637844882412,0.3743570227787386,1.4034536944503329,0.34673876622119176,0.10496745083146534,2.029995522329946,0.8885858461475531,272.83139820114474,454.7189970019079,0.16405554254318785,13.59878720872641,194.8795701436748,3.0382115612599634,13.919969295976772,14.447467718743392,341.0392477514309,0.15099418794683975,0.3524695872448615,0.6781452530352573,3.629638666055844,0.8276396123195654,1.7444462800584701,272.83139820114474,0.3516033296092357,0.11661454872676728,1.5436005555934638,0.25500168068747636,1.0425465278738504,0.1408254121737738,1.0156022863354106
展览馆,1.1863508075957692,5.481103578838867,0.3562501534765781,2.60021663744399,3.379141738285711,18.565531903192987,51.63961589379277,1.917839775480525,0.05421791953255372,10.921050657808204,9.425785310734463,6.283856873822976,10.663948453298671,0.4286071380402181,15.081256497175142,10.09375434850305,0.6653984777046169,0.2267630788468596,10.473094789704959,12.294502579218866,12.469272125601726,62.83856873822975,3.3966793912556623,0.8744625044138417,188.51570621468926,188.51570621468926,0.3890933048806796,0.06326030409888901,3.951239291868831,12.141689552810494,17.953876782351358,0.717839537431447,0.04826310962997677,188.51570621468926,15.571847001642471,9.667472113573808,0.10691593627732023,34.27558294812532,47.128926553672315,0.21920430955196427,13.36222438686495,0.1034663590640446,5.042601195043128,0.015972184975085405,1.1604537163107989,10.660114339521117,2.9470928537992065,75.4062824858757,125.6771374764595,0.0518198362628749,0.5489928720409857,53.861630347054074,6.885651630113372,26.930815173527037,0.9358714523317355,94.25785310734463,0.2086620246994181,0.0816728535790416,6.597487431653473,0.48683478538832775,0.04050719204269323,0.7358938592308506,75.4062824858757,3.10084881584685,0.06446083303631023,0.5332834687827136,0.12686117511082723,0.5284621106844418,0.05189588823759709,0.3368356871018867
度假景区,0.23194460847484996,8.881017017191708,0.23474904809787922,6.608821723543743,3.3607451920992046,7.818767756239483,9.487912375384582,1.557520891384165,0.03445064530895322,9.079526325659039,23.956978747846065,6.388527666092284,7.64003878063428,0.36312207272218366,38.33116599655371,5.868726202446981,0.21140065076413914,0.19211691056813204,26.61886527538452,10.416077716454812,5.83808011261697,159.7131916523071,8.633145494719303,0.3509323058766513,479.1395749569213,479.1395749569213,0.9889361712217158,5.145122952557545,0.5285599282481206,17.866221439071644,45.63234047208774,1.2631096000621826,0.12266758191421437,479.1395749569213,12.759317260795154,24.571260254201093,0.07764060359844786,43.55814317790194,119.78489373923033,0.18571301354919428,11.014702872572904,0.2629745197348635,12.8164906881481,0.020297793944501125,5.014079885667997,15.68611703728016,4.993638092307673,191.65582998276852,319.4263833046142,0.05762203576402033,0.3220024025248127,136.89702141626321,0.8537008017049823,9.778358672590231,0.7928836256113211,239.56978747846065,0.21213772758068353,0.055022056953279164,9.051155223882983,0.2624703231755252,0.07873014907780951,1.6768917685933442,191.65582998276852,6.219675817192334,0.08191820395912487,1.084332842901095,0.03582619821720662,0.47709596326713055,0.03297520181668109,0.28537199223163867
影视基地,3.3776394704390555,10.425112493557078,0.434092504236227,21.386540187155493,2.1146944266890233,8.43399917200306,10.234482927846688,1.8667519426544343,0.11148433732878726,9.234307417031134,77.52620817843867,10.336827757125153,12.361809960115504,2.3501692513357684,124.04193308550185,9.224465715019823,0.6841050798891565,0.1554254374066533,86.14023130937629,33.707047034103766,2.698910641547038,516.8413878562577,27.93737231655447,1.51418375348513,1550.524163568773,1550.524163568773,3.2002562715557756,15.088993538085377,18.814965029516276,5.256014113792451,147.66896795893078,0.9083328433326145,0.3969595912874483,1550.524163568773,13.013170553079247,79.51405967019349,0.25124961127304407,281.9134842852315,387.63104089219325,0.6009783579723926,11.881411215086384,0.85100118746914,7.975947343460768,0.06568486850813468,1.431693595169689,18.458620994866347,2.4239564829110574,620.2096654275093,1033.6827757125154,0.10655333432305829,0.6946792847530345,443.0069038767923,5.52525314412035,31.64335027691374,2.052654858274067,775.2620817843865,0.1716225760771236,0.0566537519507953,10.791080875901187,0.24267702211821,0.01959811117307211,1.4609865587537236,620.2096654275093,2.034522544633097,0.2650921804699561,1.7544827876308606,0.11593570835716863,0.265513341999124,0.04268388577162958,0.46174037033018855
政府机构及社会团体,2.2944066099699647,1.7225769415029817,0.6634709297701423,130.74952978056427,1.846924677855024,2.7138107383598364,31.284953495349537,1.1412642558500974,0.6815746986691767,5.132290692523503,473.9670454545455,63.19560606060606,3.5988386139297304,21.552120293499602,758.3472727272728,3.317354648850712,4.182369692958707,0.9502146059634031,526.6300505050506,206.07262845849803,16.500158240367117,3159.780303030303,170.7989352989353,2.3142922141335225,9479.340909090908,9479.340909090908,19.565203114738722,3.1809868822452714,10.457077671363384,32.13335901386749,902.7943722943722,2.7766083506417423,2.4268665921891728,9479.340909090908,1.1963577849549958,486.12004662004665,0.7680243799141916,861.75826446281,2369.835227272727,3.674163143058492,18.15965691396726,5.202711805209061,9.75240834268612,0.40157340065200525,2.91761800833823,28.212324134199132,2.469864749632858,3791.736363636364,6319.560606060606,0.16285708484603797,6.370524804496577,2708.3831168831166,8.444847135047581,193.45593692022265,6.274592691769591,4739.670454545454,1.0492380219260513,0.04948006258040239,1.8849355555957268,1.4836390670408748,0.3594471753788453,1.27599150748296,3791.736363636364,1.332678322661452,1.6206771942367773,5.363134884917063,0.7087887624563265,0.12024089056862686,0.1304768780973677,2.8229127186095617
教育培训,2.580649612992058,1.0108592665891352,6.472851149232909,1.598493834494256,6.661039821772216,0.2986021262546527,0.38247789769252,2.7068162511632208,0.04999603235583847,0.7529451196589079,5.794540150041678,4.635632120033343,0.7919644851993182,4.215807915149687,9.271264240066685,0.5677939604590272,2.914527143634464,0.31365794717547174,12.876755888981506,2.5193652826268167,0.4034492706730498,38.63026766694452,2.0881225765915956,1.499563613047895,115.89080300083354,115.89080300083354,9.328671448983506,0.7777906241666682,0.1278442393831589,0.39285017966384256,11.037219333412718,0.03394575366163841,0.14834972222328927,115.89080300083354,1.6308228099442093,5.943118102606849,0.3943620600392959,10.535527545530323,28.972700750208386,0.6737837383769393,0.4440260651372933,0.5088509462166128,0.8346045483599125,0.039275864692832965,0.39236652293295454,1.3796524166765898,4.8614953838286095,46.356321200333426,77.26053533388904,0.11348862706136792,3.9720638125285697,33.11165800023816,1.6518956329740195,2.36511842858844,7.402589766394466,57.94540150041677,0.11544825137057968,0.24862390989274707,0.2534895273432431,1.768494470020937,0.16405998705815966,27.050027245045822,46.356321200333426,1.0644640043190112,0.13869646452484785,0.7868116752531841,0.05199228488148658,0.7982204383066499,0.1834434573972438,1.4149859806534175
数码家电,0.23872438716450503,0.05974255288449648,0.22243534061657952,4.534665772736333,0.1708138430386149,0.03137353454751256,0.36167576295201775,0.230891612455222,0.3309380039780974,0.05933284037599425,5.479387808723069,5.114095288141531,0.041605070681268556,0.4983149200809157,8.76702049395691,0.07670184159192397,0.09670218943257125,1.08752885538008,6.088208676358965,2.382342525531769,0.19075327445511117,36.52925205815379,3.9491083306112205,0.7223802286890764,109.58775617446136,109.58775617446136,6.333244938874961,0.036774414823644755,0.12089107134524144,0.3714839192354623,10.43692915947251,0.12839807401811526,0.028056261181377717,109.58775617446136,0.013830725837630009,5.61988493202366,7.547060380659685,9.962523288587398,27.39693904361534,3.398069958898027,0.20993823021927466,2.8269069924257324,0.1127446051177586,0.30640282593100976,0.0168648439788337,0.32615403623351596,0.02855334970673824,43.83510246978455,73.05850411630757,0.21651519950629325,3.608736594454709,31.310787478417534,0.19525658115716948,2.2364848198869667,0.0725386438354866,54.79387808723068,5.555503052510191,0.3786797852974148,0.06537348747730845,4.210790646919477,5.017023773495868,0.11801077525853965,43.83510246978455,0.38003158334083803,1.1054329995372238,0.12400311872640608,0.43428675618711327,0.18001381882817546,0.2956470301397002,1.2727583355580685
数码家电/办公,2.7658600229774915,2.076531107565238,0.7998005728735962,157.61587151629664,2.226429748647152,3.271443081858433,37.71336859713369,0.3439426524479745,0.8216242942861308,6.186870971809153,571.3575342465754,76.18100456621004,4.338326000353647,8.66021272067564,914.1720547945205,3.9990028643679816,5.041760725758441,1.1454641825312255,634.8417047184171,248.41631923764146,19.890601714415155,3809.050228310502,205.8946069357028,2.7898317101883556,11427.150684931505,11427.150684931505,23.58545033009599,3.8346143238025188,12.60579226136956,38.73610401671697,1088.300065231572,3.3471443131023744,2.9255378097622904,11427.150684931505,0.721092363534518,586.007727432385,0.9258376086636829,1038.8318804483188,2856.787671232876,4.429128172454072,21.89109326615231,6.271762176142429,11.75632786515587,0.4840884829777597,1.758564278998385,34.009377038486626,2.9773712050368695,4570.860273972603,7618.100456621004,0.196320869403443,2.5598455835420038,3264.900195694716,10.180089697043659,233.20715683533686,3.781946279970712,5713.575342465752,1.2648348757464727,0.11929439745412082,2.2722510807181364,0.89424820479176,0.14443539467277802,1.5381815432671297,4570.860273972603,0.53550544472241,1.9536930560662518,6.465148902365774,0.8544302889884482,0.0724739614386244,0.15728719551463502,3.4029632772279648
旅游,0.38848079512605377,17.31236052325889,0.14308128526972103,6.990962199912703,3.1831068837823007,13.51876231305287,5.575849939424323,1.4660420595756614,0.004859023674563042,13.117043586246599,20.273790379746835,3.49159723206751,14.2650309429755,0.6017861234357088,2.7031720506329115,16.324273910318173,0.14162880256459662,0.047419317247469873,0.9386014064697609,5.141903357182168,15.409727529717642,5.631608438818565,0.30441126696316567,0.23510865308544301,16.894825316455695,16.894825316455695,0.3138357643923659,14.247213429615156,14.593103389724003,15.978495807766574,3.2180619650391797,1.1381985421162302,0.02162676051773643,16.894825316455695,0.0010661213678586291,19.927229860434924,0.03422083313035385,16.894825316455698,16.894825316455695,0.04583867333922088,12.913860730394296,0.018545362586669258,12.949223107777257,0.017177175132699445,18.626427911217082,7.944590476190476,19.245486264602473,20.273790379746835,22.52643375527426,0.023510790901925236,0.3898223583321991,4.82709294755877,1.2793408925601195,13.446901782485147,0.6374350773046332,8.447412658227847,0.020570377827329976,0.030248227016240317,14.049345689683381,0.21021850963074348,0.018578414006416473,1.3258423959474588,6.757930126582278,3.2983664777334663,0.01155399235182472,1.6727549818272966,0.027791697096009073,0.27130728377659913,0.023952251606572977,0.07546824888232145
旅游项目/观光项目,1.9602697250228822,19.132310884266126,0.5668489497065293,111.70833612320054,1.5779550645751659,2.3185955822880153,26.7288923067064,0.24376518086118582,0.5823162474066752,4.384869717884157,404.94271844660193,53.99236245954692,9.224207709489795,6.137820666109919,647.908349514563,2.834244748532647,3.57328672796472,0.8118338381046549,449.9363538295577,176.06205149852258,14.097222574294236,2699.618122977346,145.9253039447214,1.9772593674150483,8098.854368932038,8098.854368932038,16.715901690262207,2.7177363654134354,8.934202282329881,27.453743623498436,771.3194637078132,2.372247911227896,2.0734394185693903,8098.854368932038,9.199178307615114,415.32586507343785,0.6561761692470762,736.2594880847307,2024.7135922330094,3.1390908406713325,15.515046683777852,4.4450353287223034,8.332154700547363,0.34309183745025684,1.2463610909406029,24.10373324086916,2.110175708424189,3239.5417475728154,5399.236245954692,0.13914003365486738,1.8142594912482164,2313.9583911234395,7.215015028001816,165.28274222310282,2.680408528522932,4049.427184466019,0.8964363682475,0.0422742282240331,1.6104303775963489,0.6337875626194027,0.10236683311759995,1.0901675015388395,3239.5417475728154,0.37953298509452355,1.3846562436197707,4.582095824006811,0.605567098020939,0.05136504063125807,0.11147539099580928,2.4118089246372953
日用百货,0.1317613388872547,0.061826727649996895,0.19050637676734652,0.4692861824247352,0.2585302836446057,0.0389616355291077,0.22457589587982374,0.23041267911159077,0.5504192443775879,0.05526244974411471,1.7011624112896648,0.9072866193544878,0.03875085219338644,0.4383442363307965,2.7218598580634636,0.02381329709591832,0.12009088277359205,1.797338794606362,1.8901804569885166,0.7396358309955064,0.05922236418762976,11.341082741931098,1.8390944986915292,1.1878233633516702,34.023248225793296,34.023248225793296,3.8622882402861327,0.03425159217361741,0.03753254078962305,0.11533304483319762,3.2403093548374566,0.19931604115871876,7.6739584451930085,34.023248225793296,0.03864570379657217,1.7447819602970922,0.0027565929289684664,3.093022565981209,8.505812056448324,10.2992856063351,0.06517863644787988,11.241490357808761,0.1050100253882509,0.3170919747378588,0.026179784722832635,0.30377900201601155,0.05318902797153719,13.609299290317319,22.682165483862196,0.21335221328227177,1.42525703813247,9.72092806451237,0.21217170385795373,0.6943520046080265,0.37159264982663537,17.011624112896648,9.392216622406163,0.23691016830241443,0.0270616410624723,2.0741174917160055,5.7440786509924795,0.16487238337980328,13.609299290317319,0.19930203047116368,0.7096659742771041,0.07699745001593956,0.4986209550063919,0.16356449066990955,0.21027010389849057,3.3840872267465634
景区设施,2.194649800840836,3.2953645837448344,0.6346243676062231,125.06476761619192,1.7666236049048052,2.5958189671268,29.92473812598651,0.27291101770328413,0.651941016118343,14.727442856806572,453.35978260869564,60.44797101449275,3.4423673698458286,6.871690528362192,725.3756521739131,3.1731218380311157,4.000527532395285,0.9089009274432551,503.7330917874396,197.11294896030248,15.78276005600333,3022.3985507246375,163.3728946337642,2.2136708135190215,9067.195652173912,9067.195652173912,18.71454210975008,3.0426831047563465,10.002422120434542,30.73625644804716,863.5424430641822,2.6558862484399275,2.3213506533983392,9067.195652173912,3.4330266872621618,464.98439241917504,0.7346320155700963,824.2905138339921,2266.798913043478,3.5144169194472528,17.370106613359987,4.976506944113014,9.328390588656289,0.3841136875801789,1.3953825257269794,26.985701345755693,2.362479325735777,3626.878260869565,6044.797101449275,0.155776342026645,2.0311818217235467,2590.6273291925463,8.077679868306381,185.04480922803904,3.0008921569332827,4533.597826086956,1.0036189774944837,0.04732875551168924,9.014909178936085,0.7095665103238966,0.11460634577296518,1.220513615853266,3626.878260869565,1.274735786893563,1.5502129684003956,5.129955107311973,0.677971859740834,0.4025455901645334,0.12480397035400387,2.7001773830178415
景点,2.622178982822817,1.9686593617176935,0.758252491165877,149.42803403493062,4.221542120811483,3.1014979866969563,35.75423256611376,0.3260755016714564,0.7789425127647734,5.865475077169718,541.6766233766234,144.44709956709957,4.1129584159196915,8.210331540380801,866.6825974025975,3.7912624558293855,4.779851077667094,1.0859595496724608,601.862914862915,235.51157538114063,18.857323703276705,3611.1774891774894,195.1987831987832,2.644905387581169,10833.532467532468,10833.532467532468,22.360232131129965,3.635413579708882,11.950945910129583,36.723838872991415,1031.764996907854,3.1732666864477057,2.773561819644769,10833.532467532468,1.3672660399485668,555.5657675657676,0.8777421484733618,984.8665879574971,2708.383116883117,4.199043592066848,20.753893615962582,5.9459563488103555,11.145609534498423,0.45894102931657743,1.6672102904789887,32.24265615337044,2.8227025710089806,4333.412987012987,7222.354978354979,0.18612238268118625,2.4268665921891728,3095.294990723562,9.651253868625806,221.0924993373973,3.585481538154052,5416.766233766234,1.1991291679154872,0.0565486429490313,2.1542120635379733,0.8477937525947856,0.13693225728717917,1.4582760085519544,4333.412987012987,1.0153739601230112,1.852202507699174,6.129297011333787,0.8100442999500874,0.13741816064985926,0.14911643211127737,3.226185964125214
服饰鞋包,2.7658600229774915,2.076531107565238,0.7998005728735962,157.61587151629664,2.226429748647152,3.271443081858433,37.71336859713369,0.3439426524479745,0.8216242942861308,6.186870971809153,571.3575342465754,76.18100456621004,4.338326000353647,8.66021272067564,914.1720547945205,3.9990028643679816,5.041760725758441,1.1454641825312255,634.8417047184171,248.41631923764146,19.890601714415155,3809.050228310502,205.8946069357028,2.7898317101883556,11427.150684931505,11427.150684931505,23.58545033009599,3.8346143238025188,12.60579226136956,38.73610401671697,1088.300065231572,3.3471443131023744,2.9255378097622904,11427.150684931505,0.721092363534518,586.007727432385,0.9258376086636829,1038.8318804483188,2856.787671232876,4.429128172454072,21.89109326615231,6.271762176142429,11.75632786515587,0.4840884829777597,1.758564278998385,34.009377038486626,2.9773712050368695,4570.860273972603,7618.100456621004,0.196320869403443,2.5598455835420038,3264.900195694716,10.180089697043659,233.20715683533686,3.781946279970712,5713.575342465752,1.2648348757464727,0.05964719872706041,2.2722510807181364,0.89424820479176,0.28887078934555604,1.5381815432671297,4570.860273972603,0.53550544472241,1.9536930560662518,6.465148902365774,0.8544302889884482,0.0724739614386244,0.15728719551463502,3.4029632772279648
服饰鞋帽,0.11844414255613427,0.05928305469388439,0.30825321257994887,2.2498941377961783,0.254250092532252,0.04669834669058772,0.5383410065683925,0.22584267245215067,0.39876251435631144,0.08831474011381857,8.155866249511146,2.1748976665363053,0.12385522018999462,0.12362055702176802,13.049385999217833,0.057083928255546076,0.14393763511160196,1.2590250625748962,9.06207361056794,3.5460288041352808,0.28392919928672394,54.372441663407635,8.81715270217421,0.5973534850716171,163.1173249902229,163.1173249902229,0.6733429308161937,0.05473735737926943,0.17994189188110635,0.55294008471262,15.53498333240218,0.38223157584117845,2.3385996414368875,163.1173249902229,0.051466310655083905,8.364991025139636,10.387702446207431,14.8288477263839,40.779331247555724,0.06322376937605538,0.31248529691613586,6.535436182374464,0.5034485339204411,0.2211245006327819,0.02510269698218266,0.48546822913756815,0.21250302890857597,65.24692999608916,108.74488332681527,0.19336492357941779,0.4019468133719651,46.60494999720654,0.14531610244117854,3.3289249998004675,0.48586990730167345,81.55866249511145,12.963444500855616,0.2077504700286273,0.162176700129472,2.7189412077252793,4.729651948121384,0.3073956858073928,65.24692999608916,0.17581416536740838,0.6414256239998508,0.0922870296974387,0.24393199490088668,0.1562144069100424,0.16614498047908846,0.922939003816032
未知,2.7658600229774915,2.076531107565238,0.7998005728735962,157.61587151629664,2.226429748647152,3.271443081858433,37.71336859713369,0.3439426524479745,0.8216242942861308,6.186870971809153,571.3575342465754,76.18100456621004,4.338326000353647,8.66021272067564,914.1720547945205,3.9990028643679816,5.041760725758441,1.1454641825312255,634.8417047184171,248.41631923764146,19.890601714415155,3809.050228310502,205.8946069357028,2.7898317101883556,11427.150684931505,11427.150684931505,23.58545033009599,3.8346143238025188,12.60579226136956,38.73610401671697,1088.300065231572,3.3471443131023744,2.9255378097622904,11427.150684931505,0.721092363534518,586.007727432385,0.9258376086636829,1038.8318804483188,2856.787671232876,4.429128172454072,21.89109326615231,6.271762176142429,11.75632786515587,0.4840884829777597,1.758564278998385,34.009377038486626,2.9773712050368695,4570.860273972603,7618.100456621004,0.196320869403443,2.5598455835420038,3264.900195694716,10.180089697043659,233.20715683533686,3.781946279970712,5713.575342465752,1.2648348757464727,0.11929439745412082,2.2722510807181364,0.89424820479176,0.14443539467277802,1.5381815432671297,4570.860273972603,0.53550544472241,1.9536930560662518,6.465148902365774,0.8544302889884482,0.0724739614386244,0.15728719551463502,3.4029632772279648
植物园,0.49006743125572055,9.382190914399736,0.28342447485326466,13.963542015400067,3.5503988952941232,13.33192459815609,26.7288923067064,1.2188259043059293,0.0727895309258344,14.250826583123512,50.61783980582524,6.749045307443365,14.989337527920915,2.30168274979122,80.98854368932038,9.565576026297684,0.44666084099559,0.20295845952616373,56.24204422869471,22.007756437315322,5.286458465360339,337.45226537216826,18.240662993090176,0.49431484185376207,1012.3567961165047,1012.3567961165047,2.089487711282776,15.287267055450576,8.934202282329881,6.863435905874609,96.41493296347664,1.186123955613948,0.2591799273211738,1012.3567961165047,11.179556971060032,51.91573313417973,0.2460660634676536,92.03243601059134,253.08919902912618,0.39238635508391656,1.9393808354722315,0.5556294160902879,5.207596687842103,0.17154591872512842,2.4927221818812058,12.05186662043458,3.1652635626362837,404.94271844660193,674.9045307443365,0.017392504206858422,0.9071297456241082,289.24479889042993,1.803753757000454,20.660342777887852,1.6752553303268325,506.17839805825236,0.1120545460309375,0.05812706380804552,12.480835426371705,0.5545641172919774,0.03838756241909999,1.2264384392311944,404.94271844660193,2.2297562874303263,0.17308203045247134,3.4365718680051085,0.07569588725261737,0.4558647356024154,0.16721308649371394,0.6029522311593238
母婴玩具,0.05325976831373171,0.1199578772241591,0.3080213232380508,3.035072176388725,6.002139813023976,0.06299534291101705,0.726213639564959,0.21193617412779442,0.42717527935583327,0.11913520995570252,11.002136639409128,5.867806207684868,0.08353938222785974,0.33352441498777197,17.603418623054605,0.2310159924285381,0.388339259277622,4.0144123263281095,12.224596266010142,4.783537669308316,0.3830160709977068,73.34757759606084,7.929467848222794,0.9669846655730678,220.04273278818255,220.04273278818255,0.9083291343165432,0.07383984321751093,0.24273881168028963,0.7459075687735002,20.956450741731672,0.4511713911884234,3.2110690652653364,220.04273278818255,0.06942725209446032,11.284242707086285,11.231672809929513,20.003884798925686,55.01068319704564,6.9083183549778235,0.4215378022762118,0.12076988627232851,0.45276282466704226,0.26100682120984986,0.03386314755127463,0.6548890856791147,0.05733265575512833,88.01709311527303,146.6951551921217,0.2003601803539755,0.2957563612744389,62.869352225195016,1.3722041242915615,4.490668016085358,0.29130264145382434,110.02136639409127,7.063190271578167,0.23430917526863196,0.04375476889802795,1.2914821738947209,4.3554643756799365,0.20733599805051525,88.01709311527303,0.16498822459397913,0.7900320377076139,0.12449376678256438,0.3784195344794526,0.17584159781389272,0.2574431675463757,1.4416140921203142
水上项目/水上体验,0.6251014912611669,6.007153767519996,0.21691185815395364,106.86648873705562,3.522308363958807,6.9500440952670495,25.570364466787236,1.7878628899695024,0.03713843559311923,6.1523930530808055,25.82606811145511,3.4434757481940146,13.922937250670559,2.3487140381770466,41.321708978328175,7.049635390003495,0.6836814854124449,0.051776399581906794,28.695631234950124,11.228725265850048,15.284357106866382,172.17378740970074,9.306691211335174,0.25220769640092877,516.5213622291021,516.5213622291021,1.0660915629083638,5.199879485527874,12.535543264247377,5.2527596158891745,49.19251068848592,0.9077704081355046,0.1322379319582955,516.5213622291021,13.722186754493093,26.488274986107804,0.04184900645972066,46.956487475372924,129.13034055727553,0.40040415676674584,5.937027152058645,0.28349141724978166,0.5314005784250022,0.04376279784195228,6.995056921539088,10.760861713106296,2.6916173122933933,206.6085448916409,344.3475748194015,0.035495785675421276,2.0827474283431537,147.57753206545777,0.4601526612285988,10.54125229038984,1.7094865537948112,258.26068111455106,0.11434420548543965,0.05392254497926205,12.016901845457339,0.28294788399293463,0.03264329353285696,1.112443369991336,206.6085448916409,3.9697035196388186,0.08830934556831975,0.8766982102898481,0.0386213071802828,0.4553518803205708,0.05687660816132932,0.15381815432671297
水果,0.12811407466837366,0.03980048245727177,0.13285677291388812,0.5034989769249806,0.035561301341511045,0.04180209084118075,0.06023708882353315,0.1604122523101047,1.6614054356147305,0.02964564902035281,0.9125918956765273,0.3650367582706109,0.06236391086627749,0.13832389475961004,2.920294066164887,0.10858486247769703,0.09663448266594597,0.50313306197082,1.0139909951961414,0.396779085076751,0.06353990570419685,6.083945971176848,2.630895555103502,0.28964098251452275,18.251837913530544,18.251837913530544,0.22602895248954238,0.04899822258665918,0.020134404758445166,0.061870636995018796,1.7382702774790995,0.05346173964127283,0.3504577172336894,18.251837913530544,0.05413241509029693,0.9359916878733613,0.2632227789028509,1.6592579921391404,4.562959478382636,0.21223067341314583,0.1398608269236057,0.3305766471715192,0.0563328330664523,0.0007732027668776576,0.04494142914996749,0.16296283851366558,0.04755559643963143,7.300735165412219,12.167891942353696,1.7613251709053295,0.13083754776724404,5.214810832437299,0.04877996769763175,2.6074054162186493,0.07852850997051036,9.125918956765272,0.26061066919535564,1.597210877081202,0.07258635081936984,0.20567865238865268,1.742225086240238,0.09090294828383769,21.902205496236657,0.24975569008627016,0.680270245366671,0.02065271616806851,3.385883794187923,0.4226321027592003,1.4759440306393115,1.5762456804418874
温泉景区,0.284177032621192,1.920170214877356,0.2876130138905051,4.626906050342678,1.3888606203232712,2.376869322669237,1.10709798234272,3.508581576746353,0.006029815369748422,2.4972641954170856,4.193133608123052,2.7954224054153682,2.9609827301096723,1.4617972411796922,6.709013772996883,1.2913237358349208,0.14800383350974813,0.07565798410807431,4.659037342358947,1.8231015687491532,2.627551086030111,27.95422405415368,1.511039138062361,0.16379428156730672,83.86267216246104,83.86267216246104,0.17309117061395468,1.6322265051754161,5.180705616213809,0.284280244618512,7.986921158329623,0.5158512347427304,0.085880872670211,83.86267216246104,20.263152124065332,4.300649854485181,0.020383878184110443,15.247758574992917,20.96566804061526,0.13001964676350547,1.60656460081343,0.0920556225713074,6.298328259114872,0.007105350207575442,0.01290592061595276,3.49427800676921,3.299443328955606,33.545068864984415,55.90844810830736,0.03313790486864188,0.5635932268982596,23.960763474988866,0.07471062108014347,1.7114831053563477,0.6661274638090569,41.93133608123052,0.04641245899743265,0.04027250293062609,3.835437382653816,0.1312558941385312,0.02967989813121125,0.7111789401312486,33.545068864984415,9.404535099337798,0.014337950446650888,5.2191762024728225,0.03135287578976411,0.3255098724471684,0.028857859838565286,0.0499479881849083
游玩,0.5869412258062701,3.0846145231565023,0.9334881686300841,16.723777064955897,4.252221932735985,7.636537193989308,4.001563819172615,1.8611896730578623,0.087178159132104,17.06785044257816,60.623691860465115,16.166317829457363,5.984115369673853,0.9188888497228513,96.99790697674419,0.848625607845531,1.0699085261057157,0.2430781550138938,67.35965762273902,79.07438068756319,2.1104853563260266,404.1579457364341,21.846375445212654,0.5920282408248546,1212.4738372093022,1212.4738372093022,2.502525979792162,6.509926642734509,6.687665952616118,16.44032321639732,115.47369878183831,1.4205903189329845,0.31041316876838254,1212.4738372093022,9.334372950055839,62.178145497912936,0.1964713530013048,110.22489429175475,303.11845930232556,0.469951099693528,16.259227702040455,0.6654631378755775,7.484406402526557,0.15409211885483923,1.6793266443342139,3.608553086932447,1.579564665462874,484.9895348837209,808.3158914728682,0.10415278682014055,1.6296691360340083,346.4210963455149,4.320619464442948,24.74436402467964,1.6051283630108255,606.2369186046511,0.1342048632696112,0.15822113034430996,3.8575425323819523,1.8976778764476305,0.10727687017120578,1.7952903768074204,484.9895348837209,1.931867025873578,0.20729592019307613,2.057947107003059,0.09065902775604175,1.191922781508772,0.18357793313699408,0.36107023145006023
滑雪景区,1.1949348628681453,5.654599773542069,0.46071725969691374,2.063478949191115,4.576239481571917,3.2978446131862,4.937367122652007,1.584998277852072,0.021513118178941016,3.9688732902011012,7.480111190817791,8.976133428981349,4.259744413905348,1.1337796424127002,11.968177905308465,3.350670979613919,0.39603500679379433,0.14996213293540075,8.311234656464213,3.2522222568773005,1.562425314008938,49.86740793878527,2.6955355642586634,0.5478597063587249,149.6022238163558,149.6022238163558,0.9263295592344013,2.6607106920358583,3.9607869515637497,3.549883276998273,14.247830839652934,5.784268759156112,0.07660124107340287,149.6022238163558,22.581467745865027,7.671908913659273,0.10908811135079623,13.600202165123257,37.40055595408895,0.2899267903417748,3.152537283486425,0.08210879463027212,3.6938820695396495,0.019012800891701823,2.9469197673889727,4.452447137391542,0.038979214126200055,59.84088952654233,99.73481587757054,0.05654435370551102,0.3686434726657513,42.7434925189588,0.2665518464433957,6.1062132169941155,0.4456131108215133,74.8011119081779,0.08279496586217047,0.09292597118758499,5.29512742877537,0.40975684419708525,0.0642913647019073,5.598252553633991,59.84088952654233,3.098747969765653,0.05115480383530717,1.1849681094364815,0.0559302466787632,0.4117862349889703,0.05765692748061584,0.13365296946071095
现代建筑,2.728483536180499,2.0484698763819242,0.7889924570239532,155.485927306617,2.1963428601519204,3.2272343915630493,37.20372848095621,0.3392947787662452,0.8105212632822643,6.103264607325246,563.6364864864865,75.15153153153153,4.279699973321842,8.543182819044889,901.8183783783785,3.944962285119766,4.973628824059003,1.1299849368213442,626.2627627627628,245.0593419506463,19.621809799355493,3757.576576576577,203.11224738251764,2.7521312816722974,11272.72972972973,11272.72972972973,23.266728028337937,3.7827952113187013,12.435443717296998,38.2126431516262,1073.5933075933076,3.3019126331955855,2.8860035150357732,11272.72972972973,0.711347872135403,578.0887040887042,0.9133262896276874,1024.793611793612,2818.1824324324325,4.369275089042531,21.59526768147458,6.187008633221586,11.597458569680793,0.47754674672130354,1.7347998968497584,33.54979086229086,2.937136459022858,4509.091891891892,7515.153153153154,0.19366788468177487,5.050506151312603,3220.779922779923,10.04252091735388,230.0557087699945,3.730838897808946,5636.364864864865,1.2477425125607096,0.05884115550101906,2.2415449850327565,1.764327539183743,0.14248356501503778,1.5173953061959524,4509.091891891892,0.5282688846585937,1.9272917985518432,6.377782025306778,0.8428839337318477,0.07149458358134571,0.15516169287254536,3.356977286995155
甜点,0.12979368118111997,0.038429211790737244,0.1781462216904185,0.41670138420576763,0.12655300197384126,0.02594690840674333,0.0747793325616786,0.14617126759430207,1.858853551281364,0.028624249118087045,0.3776356294364769,0.15105425177459075,0.03440871338828947,0.14309800281791468,2.416868028393452,0.050219261307388005,0.1399576124979663,0.34977478107388194,0.41959514381830765,0.3283788082056321,0.03943975242156417,2.517570862909846,1.360849115086403,0.22495872456665122,7.552712588729537,7.552712588729537,0.24941878517992283,0.02787914042819628,0.016663458552078403,0.02560241555501538,0.7193059608313844,0.0840665138757242,0.30551167153591063,7.552712588729537,0.042894183945583295,0.3873185942938224,0.23069658869362253,0.6866102353390489,1.8881781471823842,0.20491855860894093,0.028937596125400526,0.23213606200266418,0.08547308485187749,1.721681236997888,0.011623134177792456,0.11239155637990383,0.021646648899433275,3.021085035491815,5.035141725819692,0.00012975720218067632,0.18780266517674252,2.1579178824941536,0.07401321913231619,0.15413699160672525,0.12248317618657865,3.7763562943647684,0.22655211816323037,1.5077513347285514,0.043553124890267775,0.19090864860192047,0.8922045079916358,0.11488175023912206,3.021085035491815,0.20351514778197125,0.4196668817468114,0.05555036133153266,0.5828024070262362,1.4188355412527163,1.8433851967729802,2.4223560029963407
生活服务,1.1226613060940587,0.6857190652067283,4.027720611824851,1.0843425332852377,3.5995101628538206,0.5626598458572839,0.5189097931563018,2.702207441709344,0.10739731374751328,0.25538115970713493,3.930741683158986,6.813285584142243,0.47753885292743947,28.776782614108225,6.289186693054378,0.5502350562602255,4.301010092316032,1.1032554844471893,17.46996303626216,1.7090181231126027,0.4105213246119045,26.20494455439324,1.4164834894266616,5.546798566567124,78.61483366317971,78.61483366317971,13.792076081259601,0.4220930666479448,0.17344695788897896,1.065963846280403,22.461381046622773,3.6613235361586334,2.7774826025393757,78.61483366317971,0.6300299031503643,4.031529931445114,1.4586021396692854,7.1468030602890655,19.653708415794927,0.30470865760922367,0.30120625924589933,0.2588852919753448,0.6470356680097096,0.09991082628605163,0.2540645593916242,0.9358908769426156,0.2457993757056166,31.44593346527189,104.81977821757296,0.2012423048252992,0.017610849834941694,22.461381046622776,2.101064596788768,1.6043843604730554,17.900713407336635,39.307416831589855,0.2697503839236894,0.345516418523937,0.7503503710146404,4.878629189255509,0.6558191796564363,1.597905489721381,31.44593346527189,1.506793522106964,0.9408511465930212,2.98002481212619,0.2174928103437752,1.079459733820318,0.21208794585085267,0.8662146651392643
生鲜果蔬,2.432623875630806,1.8263466367742458,0.7034390580695485,138.62600747818863,1.9581852006173748,2.877293312959827,33.16958924808144,0.302503778659062,0.7226334154564765,5.441464830627328,502.51927710843376,67.0025702811245,3.815636120792967,7.616813597702672,804.030843373494,3.5171952903477433,4.434319674462244,1.0074564496961382,558.3547523427042,218.48664222105816,17.494143676533813,3350.128514056225,181.08802778682298,2.453707407756024,10050.385542168675,10050.385542168675,20.74382980839768,3.3726125980431796,11.087022109397324,34.06910353277517,957.1795754446357,2.943873913933414,2.5730633748511713,10050.385542168675,0.634213765518311,515.4043867778807,0.8142909088246851,913.671412924425,2512.5963855421687,3.895498272158401,19.25361214974842,5.516128179016835,10.339902821161187,0.42576456936598145,1.5466890646612304,29.911861732644866,2.618651782743271,4020.15421686747,6700.25702811245,0.34533550521569495,2.2514304529947746,2871.538726333907,8.953572866074543,205.10990902385052,3.3262901016609883,5025.192771084337,1.1124451316806327,0.15738236772561723,1.998485890270168,0.7865074572264878,0.38110061967877573,1.352858465765066,4020.15421686747,0.4709867164426016,3.4366167010322024,5.686215299671103,0.7514868806765871,0.12748431771131521,0.1383369309947995,14.964838508291653
电影演出赛事,7.269407081092957,1.705521724260378,1.2086995156208533,5.178199199230268,3.0721123354420197,0.8598212240347997,4.956032236887055,5.141338974374201,0.08097917211911011,2.8456265225872883,18.77097209720972,2.5027962796279626,2.850565238756222,1.422582197590733,30.033555355535555,2.8903684069194324,0.16563840368153293,0.26342583135619096,41.713271327132716,8.16129221617814,1.9604148404396575,125.13981398139813,6.764314269264764,0.6415859603538479,375.4194419441944,375.4194419441944,1.549719058593166,7.306821353276267,1.656566759819942,3.817824833330791,35.75423256611375,1.8693996816201828,0.38445411361412635,375.4194419441944,3.0323524054304842,19.252279074061253,0.1825008427518871,34.129040176744944,93.8548604860486,0.4365342348188307,1.4383886664528522,0.8241919691420294,0.7724679875394946,0.04771169116657488,0.2310984561059984,7.821238373837383,0.6847149800962378,150.16777677767777,250.27962796279627,0.08384721199994033,1.6819867470618028,107.26269769834126,0.3344493914870329,7.661621264167232,0.4969974409322448,187.7097209720972,0.16621592426551307,0.1842030052498148,0.5225563916503004,5.670145345324531,0.15184567144716898,2.476181539273863,150.16777677767777,1.548193958999443,0.1283704708306358,1.2744082894852427,0.11228336830991309,1.495272856972231,0.2687048578638859,0.5589926175464479
纪念地,1.1947206016411651,0.8969631411376473,0.6909519741984914,68.08259538869619,0.9617122582913733,7.065542750759337,16.290389985744138,0.5942677781941336,0.3549028016738908,10.68974156075901,246.79940828402366,32.90658777120316,11.243708805650282,3.7408019444338563,394.87905325443785,5.182139806488687,2.1778019702980247,0.49478630369691995,274.2215647600263,107.30409055827117,8.591798373682286,1645.3293885601577,88.93672370595446,1.2050752357618342,4935.988165680473,4935.988165680473,10.187798071579925,11.594603073746079,5.44510553301762,16.73216327349313,470.0941110171879,1.4458078985590137,1.2636938468203975,4935.988165680473,6.85251086293749,253.12759824002427,0.3999180203103483,448.726196880043,1233.9970414201182,1.9131737076280904,9.455916026207804,2.7091043719431793,5.078177125185672,2.091033092152453,0.7596165228809593,29.380881938574245,2.572166839854337,1974.3952662721892,3290.6587771203153,0.08480132228669432,1.105732115967848,1410.2823330515637,8.794633702771444,100.73445236082598,1.633621765904509,2467.9940828402364,0.5463487924822041,0.051529532628111364,4.907524523444495,0.3862728931940739,0.06238925332019406,1.3288432267278163,1974.3952662721892,2.5444430302490844,0.8439029177090911,2.7926382832704233,1.8453671921939858,0.5634957711855176,0.27176249165842264,1.4699190487434404
结婚,1.5703567332179007,0.7274559580863162,11.197869778109608,1.9040143340542206,5.083245282489617,1.3436574100897951,0.4555809875212244,2.2228496262379025,0.04962648807122915,0.4484278480311781,6.90205196094655,2.7608207843786197,0.576481181248383,7.74159674285782,11.04328313751448,0.33815827630184325,3.1670567127219993,0.38744477727847515,7.6689466232739445,6.001784313866565,2.162522807607274,46.01367973964366,2.48722593187263,3.2016354311031354,138.041039218931,138.041039218931,14.530635707255895,1.1580624095547902,0.6091165547443176,0.46793572616586776,52.58706255959276,8.12719650937467,0.21204460709513206,138.041039218931,0.7665559065606062,7.079027652252871,0.2907893068415804,12.54918538353918,34.51025980473275,0.5885470664373026,0.5288928705706168,0.7576346828700933,1.1361402404850287,0.05847833734465739,0.4673596280111545,1.6433457049872737,0.32370228060718576,55.2164156875724,92.02735947928733,0.11857871476461478,21.336988588947666,39.44029691969457,1.10678784228987,2.8171640656924692,0.04568626153199768,69.0205196094655,0.42782103028723983,0.2132809316720704,0.6313270833238046,2.1173098318981474,0.16226574456950024,1.0777197839141202,55.2164156875724,1.5654872061006282,0.11800396582230381,0.3904979893039066,0.09289437363319718,1.2764675842724722,0.12920298502972832,0.98659468173149
美妆个护,2.7658600229774915,2.076531107565238,0.7998005728735962,157.61587151629664,2.226429748647152,3.271443081858433,37.71336859713369,0.3439426524479745,0.8216242942861308,6.186870971809153,571.3575342465754,76.18100456621004,4.338326000353647,8.66021272067564,914.1720547945205,3.9990028643679816,5.041760725758441,1.1454641825312255,634.8417047184171,248.41631923764146,19.890601714415155,3809.050228310502,205.8946069357028,2.7898317101883556,11427.150684931505,11427.150684931505,23.58545033009599,3.8346143238025188,12.60579226136956,38.73610401671697,1088.300065231572,3.3471443131023744,2.9255378097622904,11427.150684931505,0.721092363534518,586.007727432385,0.9258376086636829,1038.8318804483188,2856.787671232876,4.429128172454072,21.89109326615231,6.271762176142429,11.75632786515587,0.4840884829777597,1.758564278998385,34.009377038486626,2.9773712050368695,4570.860273972603,7618.100456621004,0.196320869403443,2.5598455835420038,3264.900195694716,10.180089697043659,233.20715683533686,3.781946279970712,5713.575342465752,1.2648348757464727,0.11929439745412082,2.2722510807181364,0.89424820479176,0.14443539467277802,1.5381815432671297,4570.860273972603,0.53550544472241,1.9536930560662518,6.465148902365774,0.8544302889884482,0.0724739614386244,0.15728719551463502,3.4029632772279648
美妆日化,0.1793423004605814,0.007920307793106348,0.7443465073423113,0.601178672902955,0.11888871953170957,0.024955885362418686,0.143846382130245,0.1652951835109708,0.4638083951861308,0.023597971730083506,2.179272689273212,1.1622787676123796,0.06618899587769816,0.2642543617155846,3.486836302837139,0.04575900659891259,0.21153319728220013,4.701077413107409,2.4214140991924578,0.9475098649013965,0.07586676028801434,14.528484595154746,1.5706469832599723,0.9683291734563587,43.58545378546423,43.58545378546423,0.0899596569359427,0.058503964812703674,0.04808103009979507,0.14774730096767538,4.1509955986156415,0.12766682421049863,5.456550665922173,43.58545378546423,0.05500782960240327,2.235151476177653,9.509874583289868,3.9623139804967487,10.896363446366058,12.197169625234565,0.0834970379031882,5.454162164152494,0.1345230055106921,0.29357934175886186,0.06036766452280365,0.1297186124567388,0.06813775995643184,17.434181514185696,29.05696919030949,0.18795063953598865,0.18551156405103503,12.452986795846924,0.07765782411664006,0.8894990568462089,0.4904535590619838,21.792726892732116,0.004824334914545823,0.23592416483814202,0.07800140864370216,0.36154932904951353,5.752006205748926,0.14667335369990658,17.434181514185696,0.24510307203972578,0.3651371577171735,0.07397813938126886,0.25745856505545645,0.08983984195262887,0.18777653640806186,2.6218766124668775
美食,0.32165362020312827,0.07535171543146364,0.34092820859826567,0.24118183881474126,0.14503468450608822,0.0686526358083759,0.11541705157801149,0.370964025453266,1.4975515373752535,0.06356463112083152,0.7493864277458032,0.19983638073221419,0.05500431891832016,0.35401101929636275,0.1998363807322142,0.07080816640117826,0.31851265183989574,0.9880643022871357,0.27755052879474196,0.27151682164703017,0.0478285506539242,1.6653031727684515,1.1252048464651698,0.47019607404949076,2.497954759152677,4.995909518305354,0.25263113147261346,0.07711806638994843,0.038578451878805826,0.06774114601092007,0.23790045325263595,0.18584666339331576,0.44830166056477905,4.995909518305354,0.08007578832899351,0.12810024405911166,0.267959659802969,0.22708679628660705,0.6244886897881693,0.24785907687716488,0.07656566311579088,0.31395808992643415,0.056538070680410384,1.9679508866985382,0.02690933104658163,0.2230316749243462,0.0605288672749346,0.9991819036610711,1.6653031727684515,1.5537517640662586,0.35924886993190386,0.7137013597579078,0.21808424623337408,0.2548933427706814,0.17195915601646763,2.497954759152677,0.29418604944805454,1.3038771259650993e-05,0.09139464618892279,0.24493777150826035,1.4279033821563252,0.27336616222790777,1.9983638073221421,0.5248994395257793,1.3132519891254033,0.1385004618936138,1.413341084380762,2.2988518944448098,1.4774590195047548,0.6613108340937255
自然景观,0.8147415988448004,5.597848471188951,0.2712945450172849,14.06940403605974,2.225885256167659,16.41161945173931,14.139054551089739,1.1021894219496293,0.022002411402379882,12.867753528919282,5.100158963071656,2.720084780304883,14.483367138867115,1.0822618489276723,16.3205086818293,6.17552056420925,0.18001884714128943,0.13292314859649462,5.666843292301841,6.652381256180421,4.616331872580089,34.00105975381104,1.8378951218276236,0.4980623987374663,102.0031792614331,102.0031792614331,0.21053287773257612,6.9143094667145935,10.01465301077501,12.447845604785059,9.714588501088867,0.4780465343242325,0.052228970435961655,102.0031792614331,15.1134892980277,5.230932269817083,0.033057542397871786,18.54603259298784,25.500794815358276,0.15814446397121412,17.195938266295236,0.055984181811983044,15.00664057035487,0.09506555437298632,2.856968086423642,12.750397407679138,3.9068440206958486,40.801271704573246,68.00211950762208,0.045563341908502676,0.7997561098006627,29.143765503266604,1.0904571502335834,14.571882751633302,0.8777371043512365,51.00158963071655,0.0564520334614163,0.08998135127118419,0.020282994484277814,0.28736662780542255,0.08122504036440525,0.8924763295185291,40.801271704573246,5.129078745373154,0.03487884399433514,1.7890232289133954,0.03813488083648613,0.5770621757199152,0.07581635176310726,0.0911285103586359
购物,2.781044714004461,0.21174775514560903,2.522581867274062,3.3639875121400418,2.497365194784053,0.22498278284424206,0.3577397794355013,1.6337248058438225,0.23576023751516725,0.30810750088631494,1.354939414611961,5.419757658447844,0.11316881974739235,2.526071208749848,6.503709190137414,0.32243527626811325,1.3869223215970659,0.755158695393194,1.5054882384577346,5.301936839785935,0.28301606571529214,9.032929430746407,1.464799367148066,1.0320827572239546,27.09878829223922,27.09878829223922,5.257556448855494,0.41830344343724973,0.1793631878140489,0.09186029929572619,2.580836980213259,1.6668850443380892,4.370772305199875,27.09878829223922,0.32148496238663304,1.3896814508840627,2.2789987642166754,2.463526208385384,13.54939414611961,2.415783452408923,0.10382677506605066,1.1749749039993955,0.2787941182329138,0.2054895301650387,0.09174720566778438,1.371069645738294,0.38127529124046844,10.839515316895689,18.065858861492814,0.16061920852177217,4.407195407743207,7.742510940639778,9.1496131516781,0.5530364957599841,1.9192919723776911,13.54939414611961,0.4859155131266539,0.19845390138799987,0.24787119933247254,0.002120654872812867,1.4245394168995265,1.615932590316594,10.839515316895689,0.374625921843131,0.9590441402792819,0.045995114498850166,0.4579277818189072,2.2153728842186404,0.20775930405810267,5.455265302428146
超市便利,0.19158689894839584,0.04035746315901803,0.25827211989523097,0.078545400447065,0.17419250279371012,0.044017355103100404,0.03758773288720932,0.21596202536838988,2.7797125728750727,0.03699756274442151,0.2847270766206106,0.6833449838894653,0.032429052006903256,0.4531465410407595,0.45556332259297694,0.017935563881613263,0.2035110805759493,3.766868441498414,0.3163634184673451,0.2475887622787918,0.009912169769211856,1.8981805108040706,3.7963610216081407,3.3352551602189684,5.694541532412211,5.694541532412211,1.0343026931935493,0.03248563961443208,0.025127596392331874,0.03860706123669296,1.0846745776023259,0.11842778230851404,5.112841053294835,5.694541532412211,0.044558790308519856,0.2920277708929339,5.952681778503735,0.5176855938556556,1.4236353831030528,5.003692113945148,0.05454541697712846,4.935060965795215,0.08202014552857094,1.6105043007088995,0.04206494206768023,0.05084412082510902,0.05489787303263466,2.2778166129648847,3.796361021608141,0.8616190163633674,0.6709966052976754,3.254023732806978,0.18770426432004617,0.11621513331453492,0.19035204195718464,8.541812298618316,5.850543417328037,1.2835821618974759,0.062278740163585526,1.248222469952389,7.19771162901589e-05,0.16250407926657542,4.555633225929769,0.3618631762477604,4.984792724559843,0.05154889081674421,4.073551580722867,0.32934420545159715,0.7575582597849188,1.5804981263276296
运动健身,4.312616851670241,1.0520560858479382,5.5367312004510865,2.065207362813747,3.9480031644372557,0.5429569886966191,0.16471675886028236,5.0774446610633746,0.05382784505464361,1.729392196978124,2.4954588967332776,1.6636392644888516,1.1368833242520626,2.3072829511289115,3.9927342347732444,0.7161071899637053,2.4442615269128067,0.4802807820497086,11.090928429925679,1.0849821290144686,0.6081187911969692,16.636392644888517,0.8992644672912712,1.47436780519886,49.90917793466555,49.90917793466555,0.8240937533071712,1.0718749623552333,0.7707981148210895,0.845918270079077,4.753255041396719,25.787870496997666,0.19166350973373866,49.90917793466555,1.9243079269313212,2.559445022290541,0.19005317909088765,4.537197994060505,12.477294483666387,0.27082499654469677,1.9122290396423582,0.13696261782290214,1.4377129446199952,0.13531538784684058,0.7834312325847778,1.633931420480122,3.96620616729364,19.96367117386622,33.27278528977703,0.17577730110222117,1.5652519961588658,14.259765124190157,3.3791514681822554,1.0185546517278685,1.5031392328494342,24.954588967332775,0.16572863335436014,0.33450109076731044,0.9428061053476292,1.6521174055142254,0.22583909323790718,0.006718155597612808,19.96367117386622,1.6372100170704291,0.22185649278531447,0.5929803318970164,0.1530040597668078,1.0040553197847382,0.31943962257653974,0.26752984003096486
通行设施,2.7658600229774915,2.076531107565238,0.7998005728735962,157.61587151629664,2.226429748647152,3.271443081858433,37.71336859713369,0.3439426524479745,0.8216242942861308,6.186870971809153,571.3575342465754,76.18100456621004,4.338326000353647,8.66021272067564,914.1720547945205,3.9990028643679816,5.041760725758441,1.1454641825312255,634.8417047184171,248.41631923764146,19.890601714415155,3809.050228310502,205.8946069357028,2.7898317101883556,11427.150684931505,11427.150684931505,23.58545033009599,3.8346143238025188,12.60579226136956,38.73610401671697,1088.300065231572,3.3471443131023744,2.9255378097622904,11427.150684931505,0.721092363534518,586.007727432385,0.9258376086636829,1038.8318804483188,2856.787671232876,4.429128172454072,21.89109326615231,6.271762176142429,11.75632786515587,0.4840884829777597,1.758564278998385,34.009377038486626,2.9773712050368695,4570.860273972603,7618.100456621004,0.196320869403443,2.5598455835420038,3264.900195694716,10.180089697043659,233.20715683533686,3.781946279970712,5713.575342465752,1.2648348757464727,0.11929439745412082,2.2722510807181364,0.89424820479176,0.14443539467277802,1.5381815432671297,4570.860273972603,0.53550544472241,1.9536930560662518,6.465148902365774,0.8544302889884482,0.0724739614386244,0.15728719551463502,3.4029632772279648
酒店,1.9509838259712324,2.6562397122658483,0.9374174355770558,3.3763738642531846,0.640456137635111,3.4438985797911914,4.097096762433585,3.1855120814633313,0.13577492582430686,2.830510652113404,0.8742396612798424,3.0306974924367864,2.1441109384463863,1.7756440259416275,1.3987834580477478,1.8417927422238498,0.7251579806777426,1.4705033596908335,10.685151415642519,1.5204168022258129,3.317393318694615,5.828264408532283,0.31504131938012336,0.4396810796475769,17.484793225596846,17.484793225596846,0.46914821864346545,2.693127547164078,4.725619790701851,1.6003031087834403,4.995655207313385,0.7835891515865019,0.2820127939612395,17.484793225596846,3.3850789181631304,0.8966560628511204,0.19832862479915403,3.1790533137448813,4.3711983063992115,0.18298039422136236,1.574301305752973,0.0863683529255607,2.9321206746628454,0.2999869206908019,6.091962428862922,1.6131803273616137,1.8632830717220192,6.993917290238739,11.656528817064565,0.235808074391924,1.4805671682965071,4.995655207313385,0.8878692328365436,3.5683251480809894,1.8749207364201155,8.742396612798423,0.3890025389722692,0.6900679175626648,3.664540079494746,0.41048933502985907,0.43979395468600185,1.3792016193565424,6.993917290238739,0.0008193820340970453,0.2989364545323448,22.66345758406924,0.1451182928100232,1.2405611746801244,0.38987997529943486,0.9424501411057264
酒水茶饮,0.5001254323218324,0.01341001157574862,0.1756108476532436,1.017866120018547,0.057512162650828764,0.10563311437352513,0.24354882409684708,0.42423853530450367,1.3105721558981975,0.039954138441442695,3.689764685067233,1.475905874026893,0.056032872969889645,0.16778012967338687,5.903623496107573,0.05165024930977754,0.0976774238270611,0.7545228505951438,4.099738538963592,1.604245515246623,0.1284513380354128,24.598431233781554,2.659289863111519,0.3423121533997921,73.79529370134465,73.79529370134465,0.30462453540286755,0.024763521376290152,0.08140683254423017,0.25015353797065987,7.028123209651872,0.021615493175554966,1.1146754552942484,73.79529370134465,0.004656735893313855,3.7843740359663927,0.6098537539021394,6.708663063758605,18.448823425336162,0.6578650213685763,0.14137029444702043,0.8505494883250482,0.07592108405488134,0.5470833660687262,0.011356616451422693,0.219628850301621,0.019227538744487925,29.518117480537864,49.19686246756311,0.3372397949465726,0.7769665779487452,21.084369628955617,0.1314838195124181,1.5060264020682583,0.048846793778814936,36.897646850672324,0.47375361499562685,1.1162954245846195,0.014673949831247696,0.854693701748954,5.022848179656972,0.0695338613419589,29.518117480537864,0.3146994576513597,0.012616736827037898,0.12525368096409276,1.0649388129474742,0.33136449247999505,0.4073131700548399,0.6812549448307577
非标住宿,1.1396488147357868,0.7130139739052793,0.34785932724229474,3.608014619219083,0.6115874756396692,0.5990977609925761,0.8633038280309687,2.2911175183293584,0.018807956564091424,0.8497489763726589,13.079052994669174,6.9754949304902265,0.6951660665351878,0.792970245982216,20.92648479147068,0.9154192822165652,0.3462356848357161,0.07866310943064861,29.064562210375946,11.373089560581892,0.9106390248681758,87.19368663112783,4.713172250331234,0.38317538070319845,261.5810598933835,261.5810598933835,1.0797979768560724,0.08777887915885352,0.8656846990404308,0.8867154572657068,24.91248189460795,0.7662011127515627,0.1339380747021933,261.5810598933835,2.3109325667365237,13.414413327865821,0.12716113910150303,23.780096353943954,65.39526497334587,0.10138800771061375,0.501113141558206,0.2871361799049215,1.8838142173391816,0.04432544278128123,4.548885775308147,2.3355451776194953,0.27262226148346375,104.6324239573534,174.38737326225566,0.04943419822231569,1.5821435074196581,74.73744568382385,0.46606870359622893,5.33838897741599,0.6925859603333007,130.79052994669175,0.028953573511913612,0.06963515862679395,1.1443196097940818,0.16376323348961677,0.07273855247553512,0.4929512503038591,104.6324239573534,26.15933182494402,0.22361177970027657,0.14799494194816604,0.03911784954290168,0.22230802470762748,0.03960539918414924,0.1557957474052314
食品保健,2.622178982822817,1.9686593617176935,0.758252491165877,149.42803403493062,2.1107710604057415,3.1014979866969563,35.75423256611376,0.3260755016714564,0.7789425127647734,5.865475077169718,541.6766233766234,72.22354978354979,4.1129584159196915,8.210331540380801,866.6825974025975,3.7912624558293855,4.779851077667094,1.0859595496724608,601.862914862915,235.51157538114063,18.857323703276705,3611.1774891774894,195.1987831987832,2.644905387581169,10833.532467532468,10833.532467532468,22.360232131129965,3.635413579708882,11.950945910129583,36.723838872991415,1031.764996907854,3.1732666864477057,2.773561819644769,10833.532467532468,0.6836330199742834,555.5657675657676,0.8777421484733618,984.8665879574971,2708.383116883117,4.199043592066848,20.753893615962582,5.9459563488103555,11.145609534498423,0.45894102931657743,1.6672102904789887,32.24265615337044,2.8227025710089806,4333.412987012987,7222.354978354979,0.18612238268118625,2.4268665921891728,3095.294990723562,9.651253868625806,221.0924993373973,3.585481538154052,5416.766233766234,1.1991291679154872,0.1130972858980626,2.1542120635379733,1.6955875051895712,0.4107967718615375,1.4582760085519544,4333.412987012987,0.5076869800615056,3.704405015398348,6.129297011333787,0.8100442999500874,0.06870908032492963,0.14911643211127737,3.226185964125214
食材,0.06727767623458764,0.005612246236662806,0.14915199872507606,0.8519776838718738,0.084243287786649,0.035366952236307383,0.10192802323549645,0.12084471572496402,1.332363720463996,0.016721272896781495,1.5442095520177712,0.20589460693570283,0.035175616219083626,0.18724784260920302,2.470735283228434,0.010808115849643194,0.17714294441853984,0.7770581346360477,1.715788391130857,0.671395457399031,0.05375838301193285,10.29473034678514,0.5564719106370346,0.3543840280509533,30.88419104035542,30.88419104035542,0.12748892070322157,0.04145528998705426,0.03406970881451232,0.10469217301815398,2.9413515276528974,0.07237068785086215,0.4902252546088162,30.88419104035542,0.017540084518407193,1.5838046687361755,0.4403984300670492,2.8076537309414022,7.721047760088855,0.26335356701078266,0.05916511693554679,0.44071842318838694,0.0953215772850476,3.166200348124807,0.01901150571890146,0.09191723523915304,0.04023474601401175,12.35367641614217,20.58946069357028,0.5528820159956422,0.24214755519991932,8.824054582958691,0.13756877968977918,1.890868839205434,0.10221476432353277,15.44209552017771,0.32817337316665235,1.2419514026845229,0.06755341050783649,0.42537211903608046,3.8521310125161445,0.10393118535588715,12.35367641614217,0.1794666895826455,1.2144578456628052,0.034946750823598785,0.0023092710513201303,0.513977499499866,0.44040414744097806,0.8921282105165206
餐饮,1.389251444924315,0.2512304338706386,1.0800153367678336,0.8919490823162094,0.8797841654604598,0.35813300542470183,0.5593080054128046,1.2802438557354392,0.47153117829522073,0.2933725324889535,0.6689618117371571,0.7284250838915709,0.2996867645595464,1.003822953572998,1.6055083481691768,0.2965360028697809,0.7526373791880655,0.41620118065175965,1.486581803860349,1.1634118464994037,0.4696511704101885,1.4865818038603487,0.2812452061357416,0.8040825162237799,2.2298727057905228,2.2298727057905228,0.9112792481868393,0.3225084349650052,0.25828641379813005,0.15873670109017285,0.4247376582458139,0.645317584452559,0.15813485394366997,2.2298727057905228,0.32729752720822597,0.11435244645079605,0.13242833245650829,0.8108628021056448,1.1149363528952614,0.13223663720385662,0.281937928318342,0.1493109056566651,0.3074104347488993,0.3905146582676928,0.16574769419772586,0.637106487368721,0.22077947582084387,1.7838981646324186,1.4865818038603487,1.3752410880652195,0.8162213264475167,3.185532436843604,1.2058198061602206,0.4550760624062292,0.9689964794648211,1.1149363528952614,0.11131469260186241,2.1965257037595602,0.33875974293576455,1.8757210716862178,0.28810555132452004,0.83864104724441,0.8919490823162093,0.9840532016696827,0.3236727521313309,0.2005939237457953,0.4603468327118016,1.4142432610572693e-05,1.6979523885540908,0.6859614368914861
饮品,0.2736449880620606,0.04226298762173622,0.2979794936551203,0.2673255412441546,0.1623745494064592,0.06843217524453139,0.08528537619450474,0.2757284118669767,1.422321290588057,0.05596419921371941,0.32301836233668674,0.08613822995644979,0.029432197023843896,0.24969968138190257,1.0336587594773976,0.05652114826538701,0.21377787050740354,0.5795938939280967,0.717818582970415,0.14044276623334206,0.033735599199653965,2.1534557489112447,1.2804331480012807,0.27286219084104885,6.460367246733734,6.460367246733734,0.16000909589433399,0.056365620273515805,0.08552058131362913,0.043799099977855825,0.6152730711174985,0.1419237092867692,0.3522934520108258,6.460367246733734,0.06400439564190044,0.3313008844478838,0.23397076437431472,0.5873061133394304,1.6150918116834334,0.202825483327687,0.049504729860028615,0.2269283774922936,0.07311115196920893,1.66315696589358,0.025849422655444307,0.17304555125179644,0.038715072088294916,5.168293797386988,4.306911497822489,2.157210926743866,0.23879045602846463,3.6916384267049906,0.3222989450486317,0.13184422952517824,0.12187355057548332,3.230183623366867,0.23454540449705738,1.4305751659011958,0.07193886773058046,0.21132633009623203,0.8869572404320469,0.25131863431229634,2.584146898693494,0.32969398433352254,0.5500534944218499,0.029240700409544483,0.49657974649635706,1.5596088022938233,8.892269597645931e-05,0.5694665589735513
鲜花绿植,0.7861039717896495,0.04539885320522983,0.5420631016510777,1.7229647530233088,0.3407324353275516,0.17880753592068405,0.41226054321514816,0.6203637689032425,0.5209280116812636,0.1352625279850459,6.245747229709495,5.829364081062194,0.18969619528350778,0.4733419651162936,9.99319556753519,0.04371476626218369,0.38579510794587657,0.6135557623411492,6.939719144121661,2.715542273786737,0.8697298144068921,41.63831486472996,4.501439444835671,1.2808661310927674,124.91494459418988,124.91494459418988,0.5156447661266869,0.209588833211728,0.137799166678643,0.42344049014979623,11.896661389922846,1.3537940685369143,1.4710925374635777,124.91494459418988,0.09459073232348575,6.40589459457384,3.7143029909716576,11.355904054017262,31.22873614854747,0.9683329038309293,0.47860132028425245,2.1253365984741417,0.12851331748373443,1.6827837741607838,0.03844719747435823,0.37177066843508894,0.22782819493468712,49.96597783767596,83.27662972945993,2.135334883066649,0.7835166775621228,35.689984169768536,0.6676968085212822,2.5492845835548956,0.8681826365970503,62.45747229709494,2.5164115242838627,0.5496599225014333,0.1738724621513878,5.005004627477812,1.5157281309775807,0.3867335745950151,49.96597783767596,0.8839287986186172,0.8115520421574998,0.49471265185817775,0.7565508084439495,0.9372235453546219,0.5330052762048803,0.037199209229955295
