first_cate_name,K歌,主题乐园,丽人,交通设施,亲子,人文古迹,人文街区,休闲娱乐,休闲食品,公园,公园景点售票处,其他,其他旅游,养车/用车,农林牧渔基地,动物园类,医疗健康,医药健康,商务住宅,地名,地标建筑,境外医疗医美,大型百货商场,宠物,宠物生活,室内设施,家居,展览馆,度假景区,影视基地,政府机构及社会团体,教育培训,数码家电,数码家电/办公,旅游,旅游项目/观光项目,日用百货,景区设施,景点,服饰鞋帽,植物园,母婴玩具,水上项目/水上体验,水果,温泉景区,游玩,滑雪景区,特色体验,现代建筑,甜点,生活服务,生鲜果蔬,电影演出赛事,纪念地,结婚,美妆个护,美妆日化,美食,自然景观,购物,超市便利,运动健身,通行设施,酒店,酒水茶饮,非标住宿,食品保健,食材,餐饮,饮品,鲜花绿植
K歌,0.0,1.2290333333333334,4.426933333333333,0.0,1.9879,4.1841875,0.9847666666666667,2.7745499999999996,2.1549625,2.111079166666667,0.0,0.0,6.47345,7.093066666666667,0.0,3.1055541666666664,8.267083333333334,4.213791666666666,0.0,3.9968333333333335,0.0,0.0,0.0,4.45955,0.0,0.0,20.137604166666666,2.634875,0.0,0.0,0.0,6.460575,0.8773083333333334,0.0,7.5825499999999995,0.0,3.9430083333333337,0.0,0.0,9.239583333333334,0.0,0.0,2.8459833333333333,4.990766666666667,1.8895,0.0,2.1569166666666666,0.0,0.0,16.173216666666665,2.697166666666667,0.0,5.914654166666667,0.0,5.2753250000000005,0.0,17.163045833333335,7.832683333333334,8.750820833333332,4.074745833333333,12.903595833333334,3.903383333333333,0.0,4.476583333333334,19.45225,20.887745833333334,0.0,3.2462791666666666,6.367758333333333,17.275583333333334,4.422241666666666
主题乐园,2.6569291666666666,0.0,1.5829666666666666,1.7610166666666667,1.7457333333333334,1.4054166666666665,1.6509916666666666,3.5779875000000003,3.89045,1.3828125,0.0,0.0,1.442325,1.0747916666666666,0.0,2.1965666666666666,0.7351083333333334,1.5894083333333333,0.0,6.372816666666667,0.26810833333333334,0.0,0.0,22.15085,0.0,0.0,0.5203,1.3875583333333332,1.5760333333333334,2.4391458333333333,0.0,1.5075333333333334,0.0,0.0,2.0160791666666666,0.0,3.315875,0.0,0.0,0.0,0.6725708333333333,0.0,4.029345833333333,10.379275,1.9551666666666667,4.521533333333333,1.6521000000000001,0.0,0.0,15.5687125,2.7871875,0.0,8.6775,0.0,2.1951833333333335,0.0,0.0,10.5838,2.1128416666666667,1.9765833333333334,4.580783333333333,1.0990499999999999,0.0,3.788875,0.0,1.7641333333333333,0.0,0.4527333333333334,4.567829166666667,4.5901000000000005,2.8489999999999998
丽人,6.211366666666667,3.1307666666666667,0.0,0.3076666666666667,4.092333333333333,2.8757,4.53175,3.537908333333333,6.9845500000000005,0.7794833333333333,0.0,14.762225,2.9030083333333336,5.379083333333333,0.0,5.541787500000001,5.464970833333333,6.986133333333333,0.0,0.2794166666666667,11.2295,4.870133333333333,0.0,8.255733333333334,0.0,0.0,4.804029166666667,2.2057833333333337,1.0145791666666666,0.0,0.0,4.196533333333333,4.135083333333333,0.0,9.211925,0.0,5.969729166666666,0.0,0.0,5.793387500000001,0.0,6.539199999999999,6.663916666666665,6.4767166666666665,4.346641666666667,0.0,2.1667,0.0,0.0,8.157791666666668,7.41775,0.0,15.828416666666667,0.0,3.39265,0.0,2.7165749999999997,7.202325,2.2862791666666666,7.4969166666666665,6.733920833333333,3.6535,0.0,5.708841666666666,2.422683333333333,1.7398166666666668,0.0,8.083395833333332,8.565208333333333,10.577945833333333,3.189791666666667
交通设施,0.0,0.0,1.1679,0.0,0.0,0.0,0.0,0.43189583333333337,0.0,0.0,0.0,0.0,0.0,0.0,0.0,0.0,0.0,0.0,0.0,0.0,0.0,0.0,0.0,0.0,0.0,0.0,0.0,0.0,0.0,0.0,0.0,2.5936583333333334,0.0,0.0,1.4248666666666665,0.0,0.0,0.0,0.0,0.0,0.0,0.0,0.0,0.0,0.0,0.0,0.0,0.0,0.0,24.881166666666665,17.285608333333336,0.0,0.0,0.0,0.0,0.0,0.0,0.6857333333333333,0.0,1.5372999999999999,1.8966249999999998,0.33462916666666664,0.0,1.0559791666666667,0.0,0.0,0.0,0.0,1.6249166666666668,0.0,3.7665833333333336
亲子,5.690029166666667,2.333941666666667,3.4541333333333335,0.0,0.0,4.0408333333333335,1.7225333333333335,2.6628916666666664,8.374254166666667,4.471983333333333,0.0,1.6925,1.9042,3.795070833333333,0.0,2.8665333333333334,3.076016666666667,6.8019125,0.0,0.0,0.0,0.0,0.0,1.6841333333333335,0.0,0.0,13.004458333333332,2.1028291666666665,6.135800000000001,4.427791666666667,0.0,3.6543666666666663,1.3417958333333333,0.0,2.800883333333333,0.0,2.545533333333333,0.0,0.0,5.041925,1.9094166666666665,1.72295,10.7641,4.901133333333334,2.8234,2.1430583333333333,2.5455916666666667,0.0,0.0,6.1049541666666665,2.637975,0.0,4.4392375,0.0,2.1673416666666667,0.0,2.7103166666666665,6.98815,3.3411708333333334,2.628533333333333,8.682333333333334,2.1413,0.0,3.341216666666667,0.0,8.349908333333332,0.0,0.9373083333333332,5.764049999999999,11.012441666666668,1.0021499999999999
人文古迹,10.951745833333334,1.9219166666666667,2.1803583333333334,0.0,3.511883333333333,0.0,1.4635,2.946575,0.0,1.6433791666666666,0.0,0.0,1.8876583333333332,0.5741333333333334,0.0,1.3861833333333335,2.64175,1.9043999999999999,0.0,0.0,1.2891666666666666,0.0,0.0,0.0,0.0,0.0,0.0,1.469125,2.0917250000000003,1.9457,0.0,8.230654166666667,0.0,0.0,1.6358416666666666,0.0,6.445658333333334,0.0,0.0,0.0,2.265629166666667,0.0,1.6924625,1.6409791666666667,1.4933833333333333,0.45184583333333334,1.696625,0.0,0.0,11.5355625,6.80935,0.0,4.400083333333333,1.0595166666666667,1.21225,0.0,4.427933333333333,3.8896333333333333,1.8675333333333333,1.9393916666666666,3.0354875000000003,1.9181041666666667,0.0,2.54435,0.20981666666666668,1.3263624999999999,0.0,0.6189166666666667,2.5631583333333334,14.360391666666665,16.864349999999998
人文街区,0.0,0.45500833333333335,0.0,0.0,10.294116666666667,1.7203499999999998,0.0,2.2901666666666665,0.0,0.8515208333333333,0.0,0.0,1.84255,0.0,0.0,0.28055833333333335,0.0,0.0,0.0,0.0,0.0,0.0,0.0,0.0,0.0,0.0,0.0,1.57375,0.0,0.0,0.0,0.0,0.0,0.0,1.1646791666666667,0.0,0.0,0.0,0.0,0.0,5.683879166666666,0.0,1.1842833333333334,0.0,0.19156666666666666,0.0,0.0,0.0,0.0,0.0,0.0,0.0,0.37645,0.0,3.521341666666667,0.0,0.0,0.47523333333333334,0.8317874999999999,0.0,0.0,0.0,0.0,1.0935875,0.0,0.0,0.0,0.0,1.6768500000000002,7.97095,0.0
休闲娱乐,4.252683333333334,4.695425,4.477066666666667,3.3954625000000003,3.4185375000000002,3.9407416666666664,4.261966666666666,0.0,7.442466666666666,5.170183333333333,0.0,3.8868666666666667,6.182829166666666,3.5768666666666666,1.5605958333333332,1.4382666666666668,3.8805791666666667,6.353808333333333,11.581679166666666,6.225941666666667,4.376133333333334,0.0,3.489633333333333,3.1612333333333336,0.0,0.0,5.6311375,3.9746791666666663,3.3941999999999997,0.8824666666666666,0.0,3.9006666666666665,5.622866666666667,0.0,3.8612,0.0,5.471166666666666,0.0,0.0,4.3093,1.993854166666667,4.383729166666667,6.542229166666667,5.964070833333333,5.748466666666666,4.802745833333334,3.2514166666666666,0.0,0.0,6.306895833333334,4.619933333333334,0.0,3.0208166666666667,0.0,4.9733,0.0,9.296933333333333,6.4632499999999995,3.76355,4.998737499999999,6.442833333333334,3.838004166666667,0.0,5.493774999999999,4.957495833333333,5.0325375,0.0,4.773708333333333,5.758591666666667,11.210829166666667,5.061979166666667
休闲食品,7.546691666666666,0.0,6.337466666666667,0.0,4.825479166666667,0.0,0.0,7.038616666666667,0.0,0.0,0.0,0.0,0.0,1.4769833333333333,0.35205000000000003,0.0,4.1453999999999995,2.538108333333333,0.0,0.0,0.0,0.0,3.05525,3.1909083333333332,0.0,0.0,0.0,0.0,0.0,0.0,0.0,22.606745833333335,3.4128,0.0,8.862175,0.0,2.7870166666666667,0.0,0.0,2.3252,0.0,3.5082166666666668,0.0,2.3230666666666666,0.0,0.0,0.0,0.0,0.0,1.944725,0.5336041666666667,0.0,0.13251666666666667,0.0,1.1659166666666665,0.0,1.1948833333333333,2.2023666666666664,0.0,3.0382333333333333,2.2829875,1.5299833333333335,0.0,5.4068625,1.4304041666666667,0.0,0.0,1.6412749999999998,2.4548208333333337,2.4410666666666665,3.8058583333333336
公园,14.251558333333332,0.8671875,0.4154333333333333,0.0,1.0144833333333334,2.5114,2.6891833333333333,1.890175,0.0,0.0,0.0,0.0,0.8125708333333334,21.03825,0.0,1.2518333333333334,0.6723583333333333,0.0,0.0,0.5548708333333333,0.5742499999999999,0.0,0.0,0.0,0.0,0.0,5.230008333333334,0.7199666666666668,2.4901416666666667,0.0,0.0,0.22725,0.0,0.0,1.5892666666666668,0.0,0.0,0.0,0.0,2.578016666666667,1.2267833333333333,0.0,1.8924500000000002,0.0,0.7986333333333333,2.0063666666666666,2.9044833333333333,0.0,0.0,1.16625,1.5123166666666668,0.0,2.8102,0.0,0.0,0.0,0.0,2.0170708333333334,1.2178499999999999,2.0701666666666667,15.315966666666666,0.58,0.0,1.1528,0.0,0.0,0.0,0.0,3.05325,28.372412499999996,6.342333333333333
公园景点售票处,0.0,0.0,0.0,0.0,0.0,0.0,0.0,0.0,0.0,0.0,0.0,0.0,0.0,0.0,0.0,0.0,0.0,0.0,0.0,0.0,0.0,0.0,0.0,0.0,0.0,0.0,0.0,0.0,0.0,0.0,0.0,0.0,0.0,0.0,1.9583666666666666,0.0,0.0,0.0,0.0,0.0,0.0,0.0,0.0,0.0,0.0,0.0,0.0,0.0,0.0,0.0,0.0,0.0,0.0,0.0,0.0,0.0,0.0,0.0,0.0,0.0,0.0,0.0,0.0,0.0,0.0,0.0,0.0,0.0,0.34926666666666667,0.0,0.0
其他,0.7035583333333333,0.0,0.26795833333333335,0.0,0.4123833333333333,0.0,0.0,1.2765,0.08410000000000001,0.0,0.0,0.0,0.0,0.20716666666666667,0.0,0.0,0.0,6.281241666666666,0.0,0.0,0.0,0.0,0.0,0.27526666666666666,0.0,0.0,2.9751166666666666,0.0,0.0,0.0,0.0,0.0,0.8478416666666666,0.0,0.3780708333333333,0.0,1.4323416666666664,0.0,0.0,0.5526166666666666,0.0,0.0,0.0,0.24216666666666667,0.0,0.0,0.0,0.0,0.0,0.19898333333333335,0.4557833333333334,0.0,0.0,0.0,0.5198833333333334,0.0,0.19493333333333332,3.2457,0.0,0.6177833333333334,1.0958041666666667,0.9172583333333333,0.0,2.8373583333333334,2.0048583333333334,0.0,0.0,0.4330833333333333,1.35905,0.0,0.7587333333333334
其他旅游,2.3394916666666665,1.8605166666666666,0.8903833333333334,17.23848333333333,1.3695875000000002,2.005945833333333,4.565674999999999,2.3694249999999997,0.0,1.6285166666666666,0.0,2.1625666666666663,0.0,13.525441666666667,0.0,1.3897708333333334,0.0,11.636595833333333,0.0,0.0,1.1898666666666666,0.0,0.0,0.0,0.0,0.0,0.19426666666666667,2.1280833333333335,1.7729916666666665,0.8000916666666668,1.1046833333333335,0.6991333333333334,12.250466666666666,0.0,1.7866,0.0,0.7017833333333333,0.0,0.0,0.0,1.2283375,0.0,0.9728916666666667,0.30538333333333334,0.8441333333333334,1.9903083333333333,0.8225375,0.0,0.0,15.537833333333333,4.753033333333334,0.0,1.041575,0.0,2.670733333333333,0.0,0.0,3.973441666666667,2.274383333333333,2.386975,4.3959166666666665,3.8450958333333336,0.0,2.2594125000000003,8.7303,19.992375,0.0,0.0,2.722108333333334,3.0875749999999997,10.313979166666666
养车/用车,3.6460999999999997,0.2863,5.969366666666667,0.0,2.93005,4.230483333333334,0.0,3.4200916666666665,3.339716666666667,0.8349833333333333,0.0,0.09535,1.969025,0.0,0.0,0.962275,3.147354166666667,14.319300000000002,0.0,0.0,0.0,0.0,0.0,2.6149666666666667,0.0,0.0,1.1457416666666667,0.0,0.0,0.0,0.6822374999999999,2.627133333333333,3.8027749999999996,0.0,10.440725,0.0,7.116483333333333,0.0,0.0,4.1219166666666665,0.0,2.4954833333333335,32.88261666666667,3.262854166666667,0.3265875,0.0,6.5729500000000005,0.0,0.0,3.8694041666666665,3.2051166666666666,0.0,0.3154666666666667,0.0,2.9147,0.0,9.720945833333333,10.313595833333332,3.3056,4.82975,8.1163375,4.426066666666667,0.0,4.526866666666667,4.033883333333334,5.09745,0.0,7.025933333333333,6.811850000000001,16.060025000000003,7.426549999999999
农林牧渔基地,0.0,0.0,0.0,0.0,0.0,0.0,0.0,0.33395,0.0,0.0,0.0,0.0,0.0,0.0,0.0,0.0,0.0,0.0,0.0,1.8411666666666666,0.0,0.0,0.0,0.4357166666666667,0.0,0.0,0.0,0.0,0.0,0.0,0.0,0.0,0.0,0.0,0.0,0.0,0.0,0.0,0.0,0.0,0.0,0.0,0.0,0.0,0.0,0.0,0.0,0.0,0.0,1.89575,0.0,0.0,0.0,0.0,0.0,0.0,0.0,0.0,0.0,0.18333333333333332,0.0,0.0,0.0,0.0,0.0,7.767766666666666,0.0,0.0,0.9564750000000001,0.0,0.0
动物园类,2.7029750000000003,2.6325625,10.385925,0.0,1.9185333333333332,2.4469374999999998,0.4319708333333333,3.4145333333333334,0.0,2.739925,0.0,0.0,2.1336,0.4779916666666667,0.0,0.0,13.726366666666667,2.24635,0.0,0.0,0.5545875,0.0,0.0,1.1119125,0.0,0.0,0.8243166666666667,2.0941916666666667,1.9226416666666668,0.7235625,0.0,3.3304875000000003,9.9883,0.0,1.6400708333333334,0.0,2.3369958333333334,0.0,0.0,0.0,1.9993583333333333,0.9082333333333333,2.265691666666666,1.3595333333333335,3.06915,1.3927666666666667,0.769375,0.0,0.0,8.742783333333334,4.56935,0.0,0.8075916666666667,0.0,1.7304249999999999,0.0,1.2682333333333333,3.2931291666666667,1.628825,15.152383333333335,3.4368083333333335,2.438158333333333,0.0,2.2862708333333335,0.0,2.4947,0.0,16.213775000000002,3.7928833333333336,3.2183624999999996,1.1086833333333332
医疗健康,2.4336624999999996,0.0,4.6051375000000005,0.0,2.235058333333333,0.0,0.0,2.734375,1.8072333333333332,0.0,0.0,0.0,0.0,7.1023875,0.0,0.0,0.0,2.0614,0.0,0.0,0.0,2.880133333333333,0.0,3.543191666666667,0.0,0.0,12.769183333333332,1.4036666666666666,0.0,0.0,0.0,5.028812500000001,12.369208333333333,0.0,11.100874999999998,0.0,13.52655,0.0,0.0,1.9461416666666667,0.0,0.6988,0.0,10.716766666666668,1.2023916666666667,1.0776333333333334,19.65,0.0,0.0,3.1930666666666663,4.3262,0.0,11.925529166666665,0.0,5.5457,0.0,6.882558333333334,6.7907166666666665,14.918587500000001,4.467325,8.03665,2.8661250000000003,0.0,4.356429166666667,1.7691625000000002,1.9033666666666669,0.0,3.3799375000000005,8.256533333333334,3.5597833333333333,4.407966666666667
医药健康,4.654366666666666,4.8196666666666665,4.326133333333333,0.0,4.455658333333334,0.5548166666666667,0.0,4.805608333333334,5.539562500000001,0.0,0.0,0.0,0.0,1.87355,0.0,0.0,4.100708333333333,0.0,0.0,0.0,0.0,0.0,0.0,3.5839333333333334,0.0,0.0,0.36969166666666664,8.502533333333334,0.0,0.0,0.0,4.665658333333333,7.931966666666667,0.0,12.256783333333333,0.0,3.457725,0.0,0.0,8.905258333333332,0.0,3.9799374999999997,0.0,5.591374999999999,31.104616666666665,1.4219333333333333,0.0,0.0,0.0,4.991016666666667,6.589583333333334,0.0,0.26106666666666667,0.0,2.6722791666666668,0.0,3.0091,6.412158333333333,1.9769166666666667,2.9669166666666666,2.815875,5.4501875,0.0,6.762983333333334,3.9927208333333333,19.340525,0.0,3.183454166666667,6.309116666666666,5.918754166666666,3.609575
商务住宅,0.0,0.0,0.0,0.0,12.211883333333333,0.0,0.0,2.6172625,0.0,0.0,0.0,0.0,0.0,0.0,0.0,0.0,0.0,0.0,0.0,0.0,0.0,0.0,0.0,0.0,0.0,0.0,0.0,0.0,0.0,0.0,0.0,0.0,0.0,0.0,0.0,0.0,0.0,0.0,0.0,0.0,0.0,0.0,0.0,0.0,0.0,0.0,0.0,0.0,0.0,0.0,0.0,0.0,0.0,0.0,0.0,0.0,0.0,0.0,0.0,0.0,0.0,0.70705,0.0,0.5220833333333333,0.0,0.6614458333333334,0.0,0.0,9.0197,0.5836208333333333,3.4636666666666667
地名,0.0,0.0,0.0,0.0,0.0,0.0,0.0,3.3867125,0.0,0.0,0.0,0.0,0.17325,0.0,0.0,0.5354,0.0,0.0,0.8582166666666667,0.0,0.0,0.0,0.0,4.1182,0.0,0.0,0.0,0.0,0.0,0.0,0.0,0.0,0.0,0.0,8.775033333333333,0.0,0.0,0.0,0.0,0.0,0.0,0.0,0.0,0.0,0.3779666666666667,0.0,0.0,0.0,0.0,0.0,0.0,0.0,0.0,0.0,0.0,0.0,0.0,0.7868999999999999,0.42635,0.4711125,1.820220833333333,0.0,0.0,2.3853291666666667,0.0,0.0,0.0,0.0,1.0703583333333333,2.205433333333333,0.0
地标建筑,0.89475,2.165916666666667,0.3698666666666666,0.0,17.450783333333334,0.9658083333333333,0.0,4.452674999999999,0.5814333333333334,0.0,0.0,0.8682666666666666,1.9284666666666666,2.725004166666667,0.0,0.7884374999999999,0.0,0.0,0.0,0.0,0.0,0.0,0.0,0.0,0.0,0.0,0.0,2.048491666666667,10.56385,0.0,0.0,0.0,0.0,0.0,0.8592166666666666,0.0,0.0,0.0,0.0,3.5730333333333335,0.0,0.0,0.9423333333333334,0.0,2.2566833333333336,0.0,0.0,0.0,0.0,2.5158833333333335,1.0247833333333334,0.0,0.0,0.0,0.20276249999999998,0.0,0.0,2.147566666666667,0.9957333333333334,0.453875,0.2814833333333333,0.6561833333333333,0.0,1.4607999999999999,0.0,0.60515,0.0,0.0,1.6841416666666666,0.0,0.0
境外医疗医美,0.0,0.0,4.5772125,0.0,0.0,0.0,0.0,0.0,0.0,0.0,0.0,0.0,0.0,0.0,0.0,0.0,4.4707333333333334,0.0,0.0,0.0,0.0,0.0,0.0,0.0,0.0,0.0,0.0,0.0,0.0,0.0,0.0,0.0,0.0,0.0,0.0,0.0,0.0,0.0,0.0,0.0,0.0,0.0,0.0,0.0,0.0,0.0,0.0,0.0,0.0,0.0,0.0,0.0,0.0,0.0,0.0,0.0,0.0,0.0,0.0,0.0,0.0,0.0,0.0,0.0,0.0,0.0,0.0,0.0,0.0,0.0,0.0
大型百货商场,0.0,0.0,0.0,0.0,0.0,0.0,0.0,0.18918333333333334,0.5849833333333333,0.0,0.0,0.0,0.0,0.0,0.0,0.0,0.0,2.6766666666666667,0.0,0.0,0.0,0.0,0.0,0.0,0.0,0.0,0.0,0.0,0.0,0.0,0.0,0.0,0.0,0.0,0.0,0.0,0.4501,0.0,0.0,1.73895,0.0,0.0,0.0,0.63175,0.0,0.0,0.0,0.0,0.0,0.4164833333333333,0.0,0.0,0.0,0.0,0.0,0.0,1.1373833333333332,1.1086500000000001,0.0,0.8771166666666667,1.0580708333333333,0.0,0.0,0.0,0.0,0.0,0.0,1.8305333333333333,1.1585666666666665,1.675875,0.0
宠物,3.5551000000000004,2.994283333333333,8.405491666666666,0.0,3.2485166666666667,0.0,0.0,1.8287125,0.6783666666666667,0.0,0.0,5.6409,5.483666666666666,8.431083333333333,0.6377666666666666,1.7675874999999999,3.234983333333333,7.590870833333333,0.0,0.0,0.34103333333333335,0.0,0.0,0.0,1.7473333333333334,0.0,17.545258333333333,0.0,0.0,0.0,0.0,4.405083333333333,8.342966666666666,0.0,16.160975,0.0,2.2034166666666666,0.0,0.0,4.313675,0.0,0.794175,0.0,7.387016666666667,0.0,0.0,3.777441666666667,0.0,0.0,3.0943291666666672,2.6935000000000002,0.0,1.4734708333333333,0.0,3.4675333333333334,0.0,3.7598166666666666,6.542483333333333,2.1108416666666665,3.170416666666666,2.7624708333333334,1.3711624999999998,0.0,3.75665,1.3076333333333334,1.5755166666666667,0.0,7.609354166666667,4.456133333333334,12.649516666666667,3.3092333333333332
宠物生活,0.0,0.0,0.0,0.0,0.0,0.0,0.0,0.0,0.0,0.0,0.0,0.0,0.0,0.0,0.0,0.0,0.0,0.0,0.0,0.0,0.0,0.0,0.0,3.0919833333333333,0.0,0.0,0.0,0.0,0.0,0.0,0.0,0.0,0.0,0.0,0.0,0.0,0.0,0.0,0.0,0.0,0.0,0.0,0.0,0.0,0.0,0.0,0.0,0.0,0.0,0.0,0.0,0.0,0.0,0.0,0.0,0.0,0.0,0.0,0.0,0.0,0.0,0.0,0.0,0.0,0.0,0.0,0.0,0.0,0.0,0.0,0.0
室内设施,0.0,0.0,0.0,0.0,0.0,0.0,0.0,0.0,0.0,0.0,0.0,0.0,0.0,0.0,0.0,0.0,0.0,0.0,0.0,0.0,0.0,0.0,0.0,0.0,0.0,0.0,0.0,0.0,0.0,0.0,0.0,0.0,0.0,0.0,0.0,0.0,0.0,0.0,0.0,0.0,0.0,0.0,0.0,0.0,0.0,0.0,0.0,0.0,0.0,0.0,0.0,0.0,0.0,0.0,0.0,0.0,0.0,0.0,0.0,0.0,0.0,0.0,0.0,0.0,0.0,0.0,0.0,0.0,0.4958666666666666,0.0,0.0
家居,25.589191666666665,5.177083333333333,6.196416666666667,0.0,6.02855,0.0,0.034833333333333334,2.1366,0.0,0.0,0.0,0.0,0.01335,0.6869083333333333,0.0,0.0028,7.9276374999999994,2.0358583333333335,0.0,0.0,0.0,0.0,0.0,3.2179333333333333,0.0,0.0,0.0,1.37355,0.0,0.0,0.0,6.302408333333333,3.609925,0.0,0.0,0.0,1.2058333333333335,0.0,0.0,0.0,0.0,0.0,0.0,0.2671875,0.0,0.0,0.0,0.0,0.0,6.779933333333333,2.3638208333333335,0.0,0.7177666666666667,0.0,2.240816666666667,0.0,0.0,9.014666666666667,0.0,1.61625,2.6056666666666666,1.4535416666666667,0.0,0.48203333333333337,0.0,2.4991208333333335,0.0,0.0,4.590925,4.224916666666667,0.0179625
展览馆,0.9257666666666666,1.96815,1.1794083333333334,0.0,2.1759833333333334,1.6238916666666667,2.3314,1.7819166666666668,0.6562208333333334,1.4243666666666668,0.0,0.8667833333333334,1.5461375,6.146554166666666,0.0,2.3062166666666664,0.5238,13.979654166666666,0.0,0.0,2.3586750000000003,0.0,0.0,4.602600000000001,0.0,0.0,0.0,0.0,0.6182,0.246575,0.0,0.8327041666666667,0.0,0.0,1.4619416666666667,0.0,0.895125,0.0,0.0,18.217,3.0309791666666666,0.0,1.2995333333333332,0.0,1.7770124999999999,1.906125,0.9847833333333333,0.0,0.0,2.6577583333333332,1.6109958333333334,0.0,1.3918166666666667,0.0,2.6896083333333336,0.0,8.773608333333334,4.782683333333333,1.6999583333333335,1.22585,15.164479166666666,1.5758333333333332,0.0,1.6789666666666667,26.812595833333333,0.0,0.0,8.5703,2.7119166666666668,1.382775,5.1429
度假景区,0.0,1.4042,0.337425,0.0,2.4103666666666665,2.156766666666667,0.0,3.3053166666666667,0.0,0.5007166666666667,0.0,0.0,0.49155000000000004,0.0,0.0,1.1793916666666666,0.0,5.152129166666667,0.0,0.0,0.0,0.0,0.0,0.0,0.0,0.0,0.0,0.7812333333333332,0.0,0.8372166666666666,0.0,1.42025,0.0,0.0,1.7671999999999999,0.0,0.0,0.0,0.0,0.0,0.7423833333333333,0.0,1.4143916666666665,0.0,1.4096749999999998,0.8822833333333333,1.5572291666666667,0.0,0.0,14.612683333333333,13.886266666666668,0.0,0.0,0.0,4.3355875,0.0,0.0,5.438433333333333,1.5993499999999998,4.719216666666666,9.034408333333333,0.8533666666666666,0.0,1.6194666666666668,0.0,4.5986,0.0,0.0,2.458283333333333,9.191616666666665,0.0
影视基地,0.0,0.740225,10.800020833333333,0.0,0.0,3.2233791666666667,0.0,3.754841666666666,0.0,0.0,0.0,0.0,1.7317833333333332,0.0,0.0,1.0030958333333333,0.0,0.0,0.0,0.0,0.0,0.0,0.0,0.0,0.0,0.0,0.0,0.88655,1.2691333333333332,0.0,0.0,0.0,0.0,0.0,2.8538666666666668,0.0,0.0,0.0,0.0,0.0,0.0,0.0,0.0,0.0,0.0,14.8469,0.12563333333333335,0.0,0.0,4.1189,0.0,0.0,2.446133333333333,0.0,0.5896666666666667,0.0,0.0,2.994133333333333,1.7696083333333332,2.149716666666667,81.51380416666667,1.635608333333333,0.0,2.060820833333333,0.0,1.41365,0.0,0.0,1.0334916666666667,1.7818166666666668,0.0
政府机构及社会团体,0.0,0.0,0.0,0.0,0.0,0.0,0.0,0.53215,0.0,0.0,0.0,0.0,0.0,0.53175,0.0,0.0,0.0,0.0,0.0,0.0,0.0,0.0,0.0,0.0,0.0,0.0,0.0,0.0,0.0,0.0,0.0,0.0,0.0,0.0,0.0,0.0,0.0,0.0,0.0,0.0,0.0,0.0,0.0,0.0,0.0,0.0,0.0,0.0,0.0,0.0,5.407370833333333,0.0,0.0,0.0,0.0,0.0,0.0,0.0,0.0,0.0,0.3868541666666667,0.0,0.0,1.0766666666666667,0.0,0.0,0.0,0.0,0.0,0.0,0.0
教育培训,5.737166666666667,0.8494083333333333,3.0694791666666665,0.0,2.4979750000000003,13.886383333333333,0.0,3.4565375,14.560666666666666,0.0,0.0,1.6023958333333332,0.0,6.800141666666667,0.0,0.0,4.772979166666667,3.8738083333333333,0.0,0.0,0.0,0.0,0.0,3.9428791666666663,0.0,0.0,5.523225,2.379583333333333,0.0,0.0,0.0,0.0,0.26945833333333336,0.0,2.0424833333333337,0.0,5.009333333333333,0.0,0.0,5.0037,0.0,10.247775,0.7966333333333334,2.5511166666666667,0.4983833333333333,0.0,1.5170291666666667,0.0,0.0,1.6915999999999998,4.060083333333333,0.0,4.303233333333333,0.0,4.0044208333333335,0.0,6.06595,4.887083333333333,6.535816666666667,3.6967625,4.694050000000001,1.7851083333333333,0.0,2.7811333333333335,1.7758833333333333,1.1379791666666668,0.0,8.462091666666666,4.265616666666666,4.133983333333333,1.0437041666666667
数码家电,5.123883333333334,0.9795,4.095391666666667,0.8712666666666667,2.1447374999999997,0.0,0.0,3.3643791666666667,5.150120833333333,0.0,0.0,2.845479166666667,0.0,10.979725,0.0,1.7430999999999999,0.0,1.6427166666666668,0.0,0.0,0.0,0.0,0.0,4.604933333333333,0.0,0.0,2.1730416666666668,0.0,0.0,0.0,0.0,1.8615666666666668,0.0,0.0,0.0,0.0,1.9752333333333332,0.0,0.0,2.717625,0.0,1.0962833333333333,0.0,4.580416666666666,0.0,0.0,0.0,0.0,0.0,3.2817166666666666,2.068775,0.0,0.03706666666666667,0.0,0.8104333333333333,0.0,1.6218000000000001,4.6261875,3.7180083333333336,2.606775,1.8766375,2.743704166666667,0.0,7.967354166666667,3.4925499999999996,3.1560833333333336,0.0,4.9453000000000005,5.7226,5.511541666666666,0.5761416666666667
数码家电/办公,0.0,0.0,0.0,0.0,0.0,0.0,0.0,0.0,0.0,0.0,0.0,0.0,0.0,0.0,0.0,0.0,0.0,0.0,0.0,0.0,0.0,0.0,0.0,0.0,0.0,0.0,0.0,0.0,0.0,0.0,0.0,0.0,0.0,0.0,0.0,0.0,0.0,0.0,0.0,0.0,0.0,0.0,0.0,0.0,0.0,0.0,0.0,0.0,0.0,0.0,0.0,0.0,0.0,0.0,0.0,0.0,0.0,0.04518333333333333,0.0,0.0,0.0,0.0,0.0,0.0,0.0,0.0,0.0,0.0,0.0,0.0,0.0
旅游,0.0,0.030000000000000002,2.9057000000000004,0.0,1.0044083333333333,0.029,0.019466666666666667,1.5818666666666665,0.0,0.02705,0.014525,0.30495,0.027341666666666663,0.0,0.0,0.02665,0.0,0.0,0.0,0.0,0.027925,0.0,0.0,0.0,0.0,0.0,0.0,0.02875,0.03155416666666667,0.02674166666666667,0.0,6.575104166666667,0.0,0.0,0.0,0.31755833333333333,0.0,0.02265,0.06962083333333333,0.0,0.024795833333333336,0.0,0.026716666666666666,0.0,0.026083333333333333,0.8616666666666667,0.023558333333333334,0.11808333333333333,0.0,0.0,1.3482416666666666,0.0,0.4281,0.03326666666666667,1.1300583333333334,0.0,0.0,3.1876958333333336,0.026441666666666665,1.6058333333333334,3.2396499999999997,0.5564666666666667,0.0,3.9353000000000002,0.0,50.79366666666667,0.0,0.0,1.3864,2.9675708333333333,0.04201666666666667
旅游项目/观光项目,0.0,0.0,0.0,0.0,0.0,0.0,0.0,0.0,0.0,0.0,0.0,0.0,0.0,0.0,0.0,0.0,0.0,0.0,0.0,0.0,0.0,0.0,0.0,0.0,0.0,0.0,0.0,0.0,0.0,0.0,0.0,0.0,0.0,0.0,0.8344750000000001,0.0,0.0,0.0,0.0,0.0,0.0,0.0,0.0,0.0,0.0,0.0,0.0,0.0,0.0,0.0,0.0,0.0,0.0,0.0,0.0,0.0,0.0,0.0,0.0,0.0,0.0,0.0,0.0,0.0,0.0,0.0,0.0,0.0,0.0,0.0,0.0
日用百货,3.5574166666666667,0.0,7.0398708333333335,0.0,3.7159833333333334,3.1571166666666666,0.0,3.1880333333333337,1.6792083333333334,0.29801666666666665,0.0,0.6083,0.0,1.29835,0.0,1.7743166666666668,6.624633333333334,2.723333333333333,0.0,0.0,0.0,0.0,0.0,2.203120833333333,0.0,0.0,4.506270833333334,0.0,0.0,0.0,0.0,5.0597,1.7941916666666666,0.0,2.105554166666667,0.0,0.0,0.0,0.0,1.5575541666666668,0.0,2.0928291666666667,0.0,3.9248000000000003,1.5675166666666667,0.29111666666666663,0.0,0.0,0.0,3.5968333333333335,2.1696166666666667,0.0,4.7383999999999995,0.0,9.809829166666667,0.0,1.8930500000000001,5.188366666666667,0.0,2.7091625,1.764325,2.5520875,0.0,10.679116666666665,1.7468000000000001,0.0,0.0,2.362529166666667,6.064225,8.474554166666667,1.8167166666666668
景区设施,0.0,0.0,0.0,0.0,0.0,0.0,0.0,0.0,0.0,0.0,0.0,0.0,0.0,0.0,0.0,0.0,0.0,0.0,0.0,0.0,0.0,0.0,0.0,0.0,0.0,0.0,0.0,0.0,0.0,0.0,0.0,0.0,0.0,0.0,0.4310958333333333,0.0,0.0,0.0,0.0,0.0,0.0,0.0,0.0,0.0,0.0,0.0,0.0,0.0,0.0,0.0,0.0,0.0,0.0,0.0,0.0,0.0,0.0,0.0,0.0,0.0,48.60638333333333,0.0,0.0,0.0,0.0,0.0,0.0,0.0,0.348375,0.0,0.0
景点,0.0,0.0,0.0,0.0,0.0,0.0,0.0,0.0,0.0,0.0,0.0,0.0,0.0,0.0,0.0,0.0,0.0,0.0,0.0,0.0,0.0,0.0,0.0,0.0,0.0,0.0,0.0,0.0,0.0,0.0,0.0,0.0,0.0,0.0,0.5351333333333332,0.0,0.0,0.0,0.0,0.0,0.0,0.0,0.0,0.0,0.0,0.0,0.0,0.0,0.0,0.0,0.0,0.0,0.0,0.0,0.0,0.0,0.0,0.0,0.0,0.0,0.0,0.0,0.0,1.7794333333333334,0.0,0.0,0.0,0.0,0.6327166666666667,0.0,0.0
服饰鞋包,0.0,0.0,0.0,0.0,0.0,0.0,0.0,0.0,0.0,0.0,0.0,0.0,0.0,0.0,0.0,0.0,0.0,0.0,0.0,0.0,0.0,0.0,0.0,0.0,0.0,0.0,0.0,0.0,0.0,0.0,0.0,0.0,0.0,0.0,0.0,0.0,0.0,0.0,0.0,0.0,0.0,0.0,0.0,0.0,0.0,0.0,0.0,0.0,0.0,0.0,0.0,0.0,0.0,0.0,0.0,0.0,0.0,0.0,0.0,0.0,0.8705999999999999,0.0,0.0,0.0,0.0,0.0,0.0,0.0,0.0,0.0,0.0
服饰鞋帽,0.0,0.0,11.404283333333332,0.0,2.6523166666666667,0.0,0.0,1.6885249999999998,1.061725,0.0,0.0,0.0,0.0,0.0,0.0,0.0,0.6828333333333333,2.0046166666666667,0.0,0.0,0.0,0.0,5.107454166666667,1.0863625,0.0,0.0,0.0,0.0,0.0,0.0,0.0,2.0248,1.8134666666666668,0.0,0.0,0.0,1.9860249999999997,0.0,0.0,0.0,0.0,2.6126666666666667,0.35908333333333337,1.8582166666666666,0.0,0.0,0.7064333333333334,0.0,0.0,2.3496333333333332,1.4344083333333333,0.0,0.0,0.0,1.2461916666666666,0.0,1.8114583333333334,1.7174166666666666,0.0,2.3412708333333336,1.9877,1.8532666666666668,0.0,18.474725,1.0279041666666666,0.0,0.0,1.6891166666666666,3.5997916666666665,2.5505958333333334,4.045625
未知,0.0,0.0,0.0,0.0,0.0,0.0,0.0,0.0,0.0,0.0,0.0,0.0,0.0,0.0,0.0,0.0,0.0,0.0,0.0,0.0,0.0,0.0,0.0,0.0,0.0,0.0,0.0,0.0,0.0,0.0,0.0,0.0,0.0,0.0,0.0,0.0,0.0,0.0,0.0,0.0,0.0,0.0,0.0,0.0,0.0,0.0,0.0,0.0,0.0,0.0,0.0,0.0,0.0,0.0,0.0,0.0,0.0,0.55845,0.0,0.0,0.0,0.0,0.0,0.0,0.0,0.0,0.0,0.0,0.0,0.0,0.0
植物园,0.0,1.5203583333333333,9.037704166666668,0.0,3.3146,0.5927375,0.88885,3.4361916666666663,0.0,1.010825,0.0,0.0,1.6209291666666665,0.27313333333333334,0.0,0.7893166666666667,0.0,2.30445,0.0,0.0,0.0,0.0,0.0,0.0,0.0,0.0,0.0,1.7757333333333332,1.6910583333333333,1.0782166666666666,0.0,1.8563041666666669,0.0,0.0,1.2871958333333333,0.0,23.3213,0.0,0.0,0.0,0.0,0.0,0.0,0.28044166666666664,0.14858333333333332,0.29410000000000003,1.55725,0.0,0.0,0.0,4.728033333333334,0.0,8.372283333333334,0.0,0.21963333333333335,0.0,0.0,27.92729166666667,2.297391666666667,1.3553083333333333,5.471433333333334,2.7055083333333334,0.0,1.7704083333333336,0.0,4.646583333333334,0.0,0.0,3.0465625,0.3002,0.17313333333333333
母婴玩具,0.0,0.0,4.679420833333333,0.0,2.322,0.0,0.0,2.1922375,5.5758833333333335,0.0,0.0,0.0,0.0,2.249,0.0,0.0,10.564400000000001,4.7139999999999995,0.0,0.0,0.0,0.0,5.4854666666666665,0.46087500000000003,0.0,0.0,0.0,0.0,0.0,0.0,0.0,18.864466666666665,1.5944166666666668,0.0,0.0,0.0,1.8192249999999999,0.0,0.0,3.286925,0.0,0.0,0.0,2.6077,0.0,0.0,0.0,0.0,0.0,6.871291666666666,0.2567833333333333,0.0,4.979158333333334,0.0,7.52525,0.0,1.5673,6.054833333333334,0.0,2.039145833333333,2.055041666666667,7.4082,0.0,21.993316666666665,2.156633333333333,0.0,0.0,2.535791666666667,7.713,2.832666666666667,4.9408
水上项目/水上体验,1.9022166666666667,1.8825166666666666,7.583970833333334,1.2904000000000002,1.1039333333333334,2.4246875,0.9389666666666667,1.6916916666666668,0.0,3.1559291666666667,0.0,0.0,2.4514916666666666,0.7907833333333334,0.0,0.8337375,0.0,0.0,0.0,0.0,0.4921625,0.0,0.0,0.0,0.0,0.0,0.0,1.3752166666666668,0.5927916666666666,0.0,0.0,0.4139,0.0,0.0,1.4952,0.0,0.0,0.0,0.0,0.64935,11.316833333333333,0.0,0.0,4.12505,13.698695833333334,2.4210166666666666,2.1226208333333334,0.0,0.0,3.3516833333333333,1.7123875000000002,0.0,0.0,0.0,1.64265,0.0,0.7267166666666667,5.4252416666666665,2.140016666666667,0.7406625,34.101908333333334,1.5042833333333332,0.0,1.540125,0.0,0.14488333333333334,0.0,0.0,2.6163208333333334,12.3605875,0.0
水果,8.796916666666668,0.87795,10.744658333333334,0.0,0.0,1.2080083333333334,0.0,3.4480500000000003,2.2508083333333335,0.0,0.0,3.9576875,1.2298499999999999,6.587470833333334,0.5963999999999999,0.0,16.601395833333335,6.144795833333333,0.0,0.0,0.0,0.0,1.7555583333333336,5.589791666666667,0.0,0.0,0.08347083333333333,3.96535,0.0,0.0,0.0,6.154670833333334,2.3431958333333336,0.0,1.2547833333333334,0.0,3.2128333333333337,0.0,0.0,3.8267166666666665,0.0,1.4028791666666667,0.0,0.0,11.348316666666667,13.13425,0.0,0.0,0.0,2.4168625000000006,2.0421958333333334,0.0,42.44112916666667,1.93685,1.0585833333333334,0.0,2.903216666666667,2.2732666666666668,2.32615,2.9292000000000002,2.2502833333333334,11.556541666666668,0.0,4.089308333333333,2.0378166666666666,0.0,0.0,2.1412333333333335,2.648108333333333,2.5525208333333333,2.9361916666666668
温泉景区,1.4611583333333333,1.87575,3.650291666666667,0.5483458333333333,2.3661541666666666,0.9628166666666667,0.31995,2.0097666666666667,0.0,1.0454166666666667,0.0,0.0,1.8374625,5.9242333333333335,0.0,0.8585875000000001,3.733016666666667,22.926616666666668,0.0,0.0,0.0,0.0,0.0,2.9994333333333336,0.0,0.0,0.0,1.0412541666666666,0.5448083333333332,0.0,0.0,1.0505958333333334,1.3524166666666666,0.0,1.6308041666666666,0.0,0.0,0.0,0.0,0.47210416666666666,1.3598,0.0,1.2518875,0.0,0.0,1.5071958333333333,2.1621541666666664,0.0,0.0,2.8720749999999997,0.583675,0.0,0.0,0.0,5.016741666666666,0.0,0.0,12.109325,1.6383583333333331,1.2276416666666667,4.992041666666667,4.178816666666666,0.0,1.4294875,0.0,1.3601874999999999,0.0,0.8370916666666666,2.8293666666666666,2.39265,0.0
游玩,2.5184833333333336,0.5215666666666666,1.8827333333333334,0.0,1.2455583333333333,0.016566666666666667,0.0,1.380925,0.0,1.7648666666666666,0.0,0.04763333333333333,0.0,0.0,0.0,0.0,0.0,0.0,0.0,1.5465000000000002,0.0,0.0,0.0,0.0,0.0,0.0,0.0,2.1216500000000003,0.0,0.0,0.0,0.5857666666666667,0.0,0.0,1.8112791666666666,0.0,0.0,0.0,0.0,0.0,0.0,0.0,0.0,0.9734999999999999,0.0,0.0,0.0,0.0,0.0,1.07495,0.5892166666666667,0.0,0.00046666666666666666,0.0,0.0,0.0,0.0,5.129433333333333,0.0,0.8642666666666667,2.9237166666666665,0.36979999999999996,0.0,3.329066666666667,0.0,0.0,0.0,0.0,1.8078124999999998,2.098329166666667,0.0
滑雪景区,4.2014,1.1405416666666668,2.761,0.0,1.6090666666666669,1.892175,0.6187125,2.9602916666666665,1.4206166666666666,3.6814791666666666,0.0,2.4707291666666666,1.0538,12.853016666666667,0.0,1.2660333333333333,8.361016666666666,1.8164,0.0,0.0,0.0,0.0,0.0,6.1025,0.0,0.0,0.0,3.094883333333333,0.24505,0.0,0.0,1.7177208333333334,0.0,0.0,1.7917916666666667,0.0,0.0,0.0,0.0,0.4008333333333333,15.997533333333337,0.0,1.9475416666666665,0.0,1.7841458333333333,4.0629333333333335,0.0,0.0,0.0,0.70565,4.228666666666666,0.0,11.494466666666666,0.0,2.419191666666667,0.0,11.551295833333333,4.0125375000000005,2.0814833333333334,2.261483333333333,4.5101708333333335,2.1987666666666663,0.0,2.2761416666666667,10.1276,2.1639791666666666,0.0,12.349483333333334,2.896520833333333,7.375820833333334,0.0
现代建筑,0.0,0.0,0.0,0.0,0.0,0.0,0.0,0.0,0.0,0.0,0.0,0.0,0.0,0.0,0.0,0.0,0.0,0.0,0.0,0.0,0.0,0.0,0.0,0.0,0.0,0.0,0.0,0.0,0.0,0.0,0.0,0.0,0.0,0.0,0.0,0.0,0.0,0.0,0.0,0.0,0.0,0.0,0.0,0.0,0.0,0.0,0.0,0.0,0.0,0.0,8.586083333333333,0.0,0.0,0.0,0.0,0.0,0.0,0.0,0.0,0.0,0.0,0.0,0.0,0.0,0.0,0.0,0.0,0.0,0.0,0.0,0.0
甜点,6.059516666666667,0.0,4.092325,0.2733,6.959383333333333,0.7661041666666667,0.0,4.777699999999999,2.3167416666666663,3.40115,0.0,0.0,0.0,9.978845833333333,0.7483833333333333,0.0,11.336716666666666,5.667675,0.0,0.45625,0.0,0.0,0.41450833333333337,4.9327,0.0,0.0,10.329004166666666,0.0,0.0,0.0,0.0,1.8830166666666666,1.2212666666666665,0.0,5.924058333333333,0.0,4.464133333333334,0.0,0.0,1.0628,0.0,6.824716666666667,1.9626625,2.3474083333333335,3.2897125000000003,0.61385,3.174383333333333,0.0,0.0,0.0,11.286150000000001,0.0,13.218499999999999,0.0,11.786399999999999,0.0,4.898216666666666,1.914625,2.7527749999999997,4.713466666666666,3.1010833333333334,4.026208333333333,0.0,6.225266666666666,1.8183666666666667,2.1315583333333334,0.0,2.465116666666667,2.879566666666667,1.9986708333333334,3.70905
生活服务,3.5752916666666668,0.03683333333333333,4.3130375,0.0,2.990945833333333,0.0,0.0,2.363583333333333,4.354516666666667,0.0,0.0,3.1582875,0.12333333333333334,2.161008333333333,0.0,7.517216666666667,4.6552875,4.443158333333333,0.20159583333333334,0.0,0.038983333333333335,0.0,0.0,2.019633333333333,0.0,0.0,4.69495,1.8548583333333335,0.0,0.0,0.29085,4.890158333333334,3.5824833333333337,0.0,2.0123875,0.0,3.312483333333333,0.0,0.0,8.46615,0.0,2.560416666666667,0.0,14.591633333333332,0.0,0.0,7.719716666666667,0.0,3.790583333333333,8.456,0.0,0.0,2.412475,0.0,2.8063208333333334,0.0,15.015641666666665,8.269033333333333,0.4627833333333333,3.0928166666666663,4.531158333333333,4.0507541666666675,0.0,3.599333333333333,2.2122166666666665,1.488375,0.0,8.950033333333334,6.313479166666666,12.395633333333333,4.035233333333334
生鲜果蔬,0.0,0.0,0.0,0.0,0.0,0.0,0.0,0.0,0.0,0.0,0.0,0.0,0.0,0.0,0.0,0.0,0.0,0.0,0.0,0.0,0.0,0.0,0.0,0.0,0.0,0.0,0.0,0.0,0.0,0.0,0.0,0.0,0.0,0.0,0.0,0.0,0.0,0.0,0.0,0.0,0.0,0.0,0.0,0.0,0.0,0.0,0.0,0.0,0.0,4.185116666666667,0.0,0.0,0.0,0.0,0.0,0.0,0.0,2.23025,0.0,0.0,10.832433333333334,0.0,0.0,0.0,0.0,0.0,0.0,0.0,29.552149999999997,0.0,2.4002000000000003
电影演出赛事,6.4258625,0.0,5.6940333333333335,0.0,3.2975875,0.6101833333333333,1.5806833333333332,3.771775,24.328366666666668,0.0,0.0,0.0,0.0,7.213866666666666,0.0,3.6937583333333337,0.0,9.871970833333334,0.0,0.0,0.0,0.0,0.0,5.406433333333332,0.0,0.0,0.7398666666666667,7.906508333333333,0.0,0.0,0.0,4.592008333333333,13.3064,0.0,1.8544666666666667,0.0,0.5864958333333333,0.0,0.0,0.0,0.0,0.7687999999999999,0.0,0.0,6.0341708333333335,8.659966666666667,3.4163666666666668,0.0,0.0,4.3539208333333335,3.4210416666666665,0.0,0.0,0.0,0.7620666666666667,0.0,20.85328333333333,12.840875,0.0,3.349483333333333,6.379825,3.2492208333333332,0.0,3.46055,0.0,1.1428291666666666,0.0,24.4033,7.333004166666667,13.088175,1.7028208333333335
纪念地,0.0,0.0,0.0,0.0,0.0,0.0,0.0,5.131316666666667,0.0,0.0,0.0,0.0,0.0,0.0,0.0,0.0,0.0,0.0,0.0,0.0,0.0,0.0,0.0,0.0,0.0,0.0,0.0,0.0,0.0,0.0,0.0,0.0,0.0,0.0,0.6696,0.0,0.0,0.0,0.0,0.0,0.0,0.0,0.0,0.03916666666666667,0.0,0.4935833333333333,0.0,0.0,0.0,0.0,0.0,0.0,0.0,0.0,0.0,0.0,0.0,29.676716666666668,1.0010666666666668,0.0,0.0,0.0,0.0,0.13774166666666668,0.0,0.0,0.0,0.0,1.4606333333333335,0.0,0.0
结婚,4.948441666666667,1.7823083333333334,3.365683333333333,0.0,2.3296916666666663,3.387583333333333,0.0,2.5626625,19.439516666666666,1.501925,0.0,0.4728916666666666,0.24783333333333332,2.1928416666666664,0.0,0.5809666666666666,9.208491666666667,1.8889,0.0,0.0,0.9376166666666667,0.0,0.0,4.82615,0.0,0.0,3.0150083333333337,19.633108333333332,2.162383333333333,0.0,0.61735,4.434958333333333,1.8876625,0.0,2.7187416666666664,0.0,6.31915,0.0,0.0,2.6270458333333333,1.1848166666666666,9.452879166666666,0.0,13.358183333333333,3.0999583333333334,0.0699,4.237983333333333,0.0,0.0,3.0640791666666667,2.9094083333333334,0.0,33.72991666666667,0.0,0.0,0.0,13.386083333333334,3.8119958333333335,4.02045,3.515245833333333,2.9161083333333333,7.4690666666666665,0.0,2.8709166666666666,0.17533333333333334,10.827841666666666,0.0,3.025183333333333,4.545983333333333,3.9985500000000003,4.301033333333333
美妆个护,0.0,0.0,0.0,0.0,0.0,0.0,0.0,0.0,0.0,0.0,0.0,0.0,0.0,0.0,0.0,0.0,0.0,0.0,0.0,0.0,0.0,0.0,0.0,0.0,0.0,0.0,0.0,0.0,0.0,0.0,0.0,0.0,0.0,0.0,0.0,0.0,0.0,0.0,0.0,0.0,0.0,0.0,0.0,0.0,0.0,0.0,0.0,0.0,0.0,0.0,0.0,0.0,0.0,0.0,0.0,0.0,0.0,0.6042833333333333,0.0,0.0,0.0,0.0,0.0,0.0,0.0,0.0,0.0,0.0,0.0,0.0,0.0
美妆日化,1.2268583333333334,0.0,2.80245,0.0,1.3260708333333333,0.0,0.0,3.7549916666666667,1.4045708333333333,0.0,0.0,2.8025,0.0,3.2690125,0.0,0.0,3.078125,2.3049749999999998,0.0,0.0,0.0,0.0,33.46233333333333,1.8415416666666666,0.0,0.0,0.0,0.6774,0.0,0.0,0.0,0.0,1.1581000000000001,0.0,9.090358333333334,0.0,2.0134666666666665,0.0,0.0,1.7148666666666665,0.0,1.4274583333333333,1.2523666666666666,1.6926333333333332,0.0,0.0,0.0,0.0,0.0,5.40825,2.3965083333333332,0.0,0.0,0.0,3.6927333333333334,0.0,0.0,3.909883333333333,0.0,2.8447333333333336,1.5942,1.8772375000000001,0.0,3.7558499999999997,1.7572958333333335,0.4170666666666667,0.0,2.5417875,6.5907333333333336,2.9241166666666665,2.2743416666666665
美食,5.852566666666666,12.195574999999998,5.84065,13.701320833333334,4.965291666666666,2.6670333333333334,2.7942166666666663,5.051245833333334,3.5795000000000003,2.04145,0.0,3.0659,1.2980166666666666,3.680645833333333,0.0,1.8577083333333333,5.080416666666666,7.160241666666667,0.0,0.40991666666666665,0.0,7.027833333333334,1.8684458333333331,6.760566666666667,0.0,0.7317666666666667,4.0187625,1.9753666666666667,10.176666666666666,0.0,0.0,4.838283333333334,3.413616666666667,1.7001666666666668,11.9511375,0.0,5.01845,0.0,0.0,5.237045833333333,0.0,5.24,1.5859666666666667,3.804454166666667,1.4172333333333333,5.555204166666667,5.539291666666667,0.0,0.0,2.897825,5.817925000000001,0.0,6.8609333333333336,18.664766666666665,4.793316666666667,2.544433333333333,6.180266666666666,0.0,2.0026333333333333,5.267845833333333,4.463766666666667,5.938483333333333,0.73085,6.18165,4.5314000000000005,3.6726875000000003,71.16531666666667,4.263516666666667,3.2469916666666667,3.2453916666666665,4.291283333333333
自然景观,1.5508583333333332,1.6503166666666667,5.080616666666667,2.6405125,1.9400500000000003,1.8512333333333333,1.0287083333333333,3.4741500000000003,1.69435,2.3987125,0.0,0.0,2.3606666666666665,3.3597416666666664,0.54945,3.178833333333333,1.1605666666666667,11.202645833333333,0.0,0.9644333333333334,0.5943958333333332,0.0,0.0,9.5627375,0.0,0.0,0.0,1.5483708333333333,1.1709833333333335,14.919695833333332,0.0,1.1316333333333333,0.0,0.0,2.0213833333333335,0.0,27.590129166666667,0.0,0.0,0.0,2.3552125,0.0,5.0514833333333335,2.343175,1.5576166666666666,3.4149833333333333,1.1273,0.0,0.0,4.2964166666666666,3.1392666666666664,0.0,5.16895,1.2638458333333333,2.561533333333333,0.0,0.4068833333333333,3.33225,0.0,5.7516750000000005,4.646795833333333,0.8355625,0.0,2.423716666666667,0.0,0.7412833333333333,0.0,3.2723208333333327,2.9588666666666668,5.984616666666667,0.0
购物,0.9659749999999999,0.5563666666666667,3.818041666666667,1.3564333333333332,1.7954083333333333,1.8456375,0.0,1.9589333333333334,2.6256833333333334,2.393275,0.0,2.4669,0.00855,2.4553333333333334,2.1841708333333334,25.734849999999998,4.737733333333333,2.7629916666666667,0.0,2.712229166666667,0.0,0.0,0.5638333333333333,1.9477208333333333,0.0,0.0,2.0877125000000003,2.4196791666666666,0.18225,0.0,0.0,2.6686916666666667,1.2711875,0.0,1.3217333333333334,0.0,0.752875,0.0,0.0,1.2820166666666666,0.0,1.0306125,0.0,2.4884749999999998,2.060604166666667,10.935241666666668,0.0,0.0,0.0,3.1623625,2.257858333333333,0.0,0.5109833333333333,0.0,3.055083333333333,0.0,1.6782166666666667,3.932733333333333,1.9560791666666666,0.0,1.1440375,0.8555333333333333,0.0,2.8316624999999997,1.5173666666666668,0.0,0.0,1.718025,1.4076666666666666,8.7905375,1.6752458333333333
超市便利,5.6257166666666665,4.5600875,6.876083333333333,0.0,4.2386083333333335,2.9199333333333333,0.9320333333333333,4.19485,2.966416666666667,32.83710833333334,0.0,1.243625,3.4180166666666665,5.878641666666667,0.0,10.3484625,9.154295833333334,2.446345833333333,0.0,0.34121666666666667,0.0,0.0,2.6111333333333335,2.1369166666666666,0.0,0.0,3.8762083333333335,6.085125,0.0,1.0785833333333334,3.7501333333333333,3.8628291666666668,2.555245833333333,0.0,7.193195833333333,0.0,2.409866666666667,0.0,0.0,2.20815,1.4318166666666667,2.5500166666666666,11.504508333333334,2.8233708333333336,1.013779166666667,0.35591666666666666,4.754049999999999,0.0,0.0,2.9613458333333336,4.379583333333334,1.2062833333333332,3.9758125,0.0,6.291266666666667,0.0,2.1991916666666667,3.122983333333333,3.4393833333333337,2.712883333333333,0.0,7.629979166666667,0.0,6.988358333333333,2.6038916666666667,22.631225,0.0,3.0255625,4.596591666666667,3.4280583333333334,2.4195708333333332
运动健身,3.0209916666666667,1.2543166666666665,3.363875,17.2675625,2.06035,0.8187166666666665,0.0,2.1898208333333335,0.454275,0.41895,0.0,6.7874,1.0675333333333334,2.2365291666666667,0.0,1.118875,4.4886125,6.833858333333334,4.0508041666666665,0.0,0.6565166666666666,0.0,0.0,2.6277583333333334,0.0,0.0,3.0761,2.2923625,3.197683333333333,1.5168625,0.0,2.9164833333333333,1.2772666666666668,0.0,1.9007791666666667,0.0,4.420466666666667,0.0,0.0,2.088475,15.539083333333334,0.8973249999999999,4.110708333333333,5.206766666666667,1.7047625000000002,3.5685624999999996,2.1278916666666667,0.0,0.0,7.9826999999999995,5.019233333333333,0.0,2.9499416666666667,0.0,3.6951666666666667,0.0,8.3438,4.009833333333334,3.1949083333333332,3.0136958333333332,6.400233333333333,0.0,0.0,2.983766666666667,13.43885,2.3820875,0.0,9.912533333333332,5.157066666666666,10.0626,19.330091666666668
通行设施,0.0,0.0,0.0,0.0,0.0,0.0,0.0,0.0,0.0,0.0,0.0,0.0,0.0,0.0,0.0,0.0,0.0,0.0,0.0,0.0,0.0,0.0,0.0,0.0,0.0,0.0,0.0,0.0,0.0,0.0,0.0,0.0,0.0,0.0,0.0,0.0,0.0,0.0,0.0,0.0,0.0,0.0,0.0,0.0,0.0,0.0,0.0,0.0,0.0,0.0,0.0,0.0,0.0,0.0,0.0,0.0,0.0,0.0031,0.0,0.0,0.0,0.0,0.0,0.0,0.0,0.0,0.0,0.0,0.0,0.0,0.0
酒店,5.271829166666667,2.7246666666666663,4.940533333333333,5.586666666666667,6.1026,1.7918625000000001,1.5056833333333333,4.488866666666667,3.3339666666666665,2.819516666666667,0.0,10.438375,3.0992666666666664,7.145616666666667,0.0,2.04855,3.3282291666666666,10.915525,5.572233333333333,6.747183333333334,2.7708999999999997,0.0,0.0,3.70555,0.0,0.0,9.462516666666666,2.7321583333333335,0.9955583333333333,2.2695041666666667,0.0,3.48095,10.489816666666666,0.0,5.590983333333333,0.0,11.372000000000002,0.0,0.0,6.339191666666666,1.1088458333333333,1.5270333333333332,5.236016666666667,6.318833333333334,1.7914583333333334,16.100858333333335,2.319725,0.0,0.0,5.4081,6.201795833333334,0.0,7.0106,1.1392458333333335,3.1303833333333335,0.0,11.9183,7.338866666666666,2.5332291666666666,5.592045833333334,9.175133333333333,4.384308333333333,0.0,0.0,7.987116666666666,4.000175,0.0,4.59125,4.522716666666667,6.080666666666667,4.96435
酒水茶饮,4.242283333333334,0.0,1.4425708333333334,0.0,16.679925,3.3374625,0.0,2.0600625,1.9402249999999999,0.0,0.0,0.22513333333333332,0.0,22.547325,0.0,0.0,0.0,3.81005,0.0,0.0,0.0,0.0,3.0615666666666663,4.557883333333334,0.0,0.0,0.25303333333333333,0.0,0.0,0.0,0.0,0.0,2.7247166666666667,0.0,0.0,0.0,1.16345,0.0,0.0,1.2002416666666667,0.0,6.1576,0.0,1.5435041666666667,0.0,0.0,0.0,0.0,0.0,2.7179666666666664,2.35145,0.0,1.8794666666666666,0.0,31.66576666666667,0.0,1.6611,2.3140333333333336,0.0,4.032041666666667,2.136391666666667,2.4806583333333334,0.0,6.9242375,0.0,0.0,0.0,2.8777916666666665,4.545883333333334,1.9526166666666667,3.0761375
非标住宿,2.8453375,0.0,1.0574833333333333,0.0,1.2217875,3.2063333333333333,0.0,1.7289166666666667,0.0,2.8341041666666666,0.0,0.0,0.0,0.0,0.0,3.560029166666667,0.0,8.494083333333332,0.11858333333333333,1.80875,0.0,0.0,0.0,2.6031416666666667,0.0,0.0,5.56325,0.0,0.0,0.0,0.0,0.6982708333333334,0.0,0.0,2.1551125,0.0,0.0,0.0,0.0,0.0,0.0,0.41346666666666665,0.0,0.4481333333333334,3.0018708333333333,0.0,0.0,0.0,0.0,0.0,2.778675,0.0,2.24865,0.0,2.8520624999999997,0.0,0.0,5.2419625,2.5174166666666666,6.754866666666667,7.773183333333334,1.8873333333333333,0.0,2.2638000000000003,18.43295,0.0,0.0,0.0,6.6193,2.1533083333333334,0.0
食品保健,0.0,0.0,0.0,0.0,0.0,0.0,0.0,0.0,0.0,0.0,0.0,0.0,0.0,0.0,0.0,0.0,0.0,0.0,0.0,0.0,0.0,0.0,0.0,0.0,0.0,0.0,0.0,0.0,0.0,0.0,0.0,0.0,0.0,0.0,0.0,0.0,0.0,0.0,0.0,0.0,0.0,0.0,0.0,0.0,0.0,0.0,0.0,0.0,0.0,0.0,0.0,0.0,0.0,0.0,0.0,0.0,0.0,0.34550000000000003,0.0,0.8678333333333333,0.0,0.0,0.0,0.0,0.7203833333333333,0.0,0.0,0.0,0.0,0.0,0.0
食材,4.675066666666666,0.0,6.123233333333333,0.35816666666666663,5.9072499999999994,0.9437166666666666,0.0,3.30855,2.1891958333333332,0.0,0.0,0.0,0.0,0.0,0.0,0.0,5.5541,3.7797083333333337,0.0,0.0,0.0,0.0,0.0,3.2784750000000003,0.0,0.0,0.0,0.0,0.0,0.0,0.0,1.0584,6.758324999999999,0.0,2.8765958333333335,0.0,1.5618916666666667,0.0,0.0,1.1854625,0.0,3.709833333333333,0.0,1.8373166666666667,0.0,0.0,8.227233333333333,0.0,0.0,1.9164416666666666,11.188508333333333,0.0,13.028724999999998,0.0,3.0935458333333337,0.0,4.026770833333334,2.939408333333333,0.4001,2.7032333333333334,2.5423375,7.8513375,0.0,7.312516666666666,2.305075,0.0,0.0,0.0,3.0537666666666667,3.62715,1.7608833333333334
餐饮,7.258624999999999,2.6562,6.7507125,6.689666666666667,6.360241666666667,2.766366666666667,3.0877333333333334,4.94855,1.3561541666666668,4.632008333333333,0.0,4.8452416666666664,4.731416666666666,4.943833333333334,5.527875,3.337508333333333,6.638704166666667,5.186875000000001,9.628533333333333,6.986133333333334,0.9511166666666667,0.0,0.3965333333333333,4.02455,0.0,0.0,6.641133333333333,4.752337499999999,1.47995,5.7931333333333335,15.692933333333334,4.764616666666667,5.4712250000000004,0.0,7.268566666666667,0.0,5.312229166666667,0.01715,0.0,6.333433333333334,3.7098916666666666,9.497283333333334,2.309525,2.213445833333333,2.3033625,5.821833333333333,2.6225916666666667,0.0,0.0,2.0515666666666665,6.5592041666666665,1.4281833333333334,7.8674375,11.1899,5.35705,0.0,5.586345833333334,2.08445,4.235845833333333,4.527266666666667,3.713875,6.0518833333333335,0.0,4.250533333333333,4.480429166666666,4.808129166666666,0.0,2.1618,0.0,1.9960375,4.526816666666667
饮品,11.447608333333333,2.3876333333333335,6.0001625,0.21594166666666664,8.31235,3.136483333333333,0.0,6.9373458333333335,2.3807375,2.35915,0.0,0.0,6.561433333333333,6.6825875,0.3806833333333334,0.5440166666666666,8.578199999999999,5.8062249999999995,2.2924166666666665,0.0,0.0,0.0,3.2413875,5.157475,0.0,0.0,4.842874999999999,2.9039,0.0,0.0,0.0,1.9005333333333332,4.879154166666666,0.0,10.156687499999999,0.0,4.0286,0.0,0.0,4.1212333333333335,0.0,5.4473666666666665,9.532916666666667,2.6405666666666665,2.3920333333333335,5.323808333333333,17.598404166666665,0.0,0.0,1.99715,7.175625,0.0,8.6106625,0.0,4.385783333333333,0.0,6.593483333333333,2.0292333333333334,11.309833333333334,5.460483333333333,3.1281583333333334,8.074449999999999,0.0,5.569249999999999,3.1489,2.5741083333333337,0.0,3.7226749999999997,2.489016666666667,0.0,3.2864458333333335
鲜花绿植,3.947883333333333,0.0,4.315804166666666,0.0,1.3508,0.0,0.0,4.5577875,1.7979333333333334,0.0,0.0,22.376045833333333,7.251016666666667,7.329541666666667,0.0,0.0,10.745220833333335,7.90485,0.0,0.0,0.0,0.0,0.0,2.7981374999999997,0.0,0.0,0.0,0.0,0.0,0.0,0.0,0.6718666666666666,3.2892,0.0,16.959716666666665,0.0,3.5149041666666667,0.0,0.0,1.705175,0.0,5.406716666666667,0.0,2.636483333333333,0.0,0.0,4.6000499999999995,0.0,0.0,4.669670833333333,7.135949999999999,0.0,10.765945833333333,0.0,11.224591666666667,0.0,3.0873583333333334,4.366991666666666,27.540433333333333,4.7966625,3.429475,3.8706125,0.0,5.781908333333334,3.0676,0.06821666666666666,0.0,2.4322125,5.56815,5.119816666666667,0.0
