first_cate_name,next_cate,pair_count,order_count,median_lag_ms,ccr,lift_smoothed,median_lag_min
旅游,温泉景区,2967,0,907.0,0.0,64.68613803865644,0.015116666666666667
旅游,滑雪景区,1640,0,852.5,0.0,63.786720851308424,0.014208333333333333
旅游,地标建筑,235,0,860.0,0.0,62.396384409691265,0.014333333333333333
旅游,主题乐园,2542,0,1002.0,0.0,61.25832606127723,0.0167
旅游,动物园类,1219,0,933.0,0.0,58.679360165689154,0.01555
旅游,度假景区,364,0,929.5,0.0,54.85779118708867,0.015491666666666667
旅游,其他旅游,912,0,881.0,0.0,54.007997262422215,0.014683333333333333
旅游,影视基地,83,0,983.0,0.0,53.562599179206565,0.016383333333333333
旅游,植物园,172,0,984.0,0.0,51.37886633595777,0.0164
旅游,水上项目/水上体验,310,0,879.0,0.0,48.50727335739382,0.01465
旅游,公园,577,0,943.0,0.0,48.011868229783225,0.015716666666666667
旅游,展览馆,953,0,974.0,0.0,46.66173735602138,0.016233333333333332
旅游,人文古迹,1117,0,986.0,0.0,46.45587240742009,0.016433333333333335
旅游,自然景观,1731,0,928.0,0.0,45.43246536549875,0.015466666666666667
滑雪景区,旅游,779,0,17261.0,0.0,45.14034152342519,0.28768333333333335
教育培训,运动健身,1131,0,19728.0,0.0,42.2313270066316,0.3288
运动健身,教育培训,1125,0,18113.0,0.0,41.850068592039364,0.30188333333333334
温泉景区,旅游,1218,0,19446.0,0.0,40.66349893958407,0.3241
主题乐园,旅游,1124,0,18743.0,0.0,40.27777469169406,0.31238333333333335
动物园类,旅游,580,0,19464.0,0.0,39.73171777723181,0.3244
生活服务,养车/用车,311,0,18110.0,0.0,39.30710416272506,0.30183333333333334
养车/用车,生活服务,274,0,18365.5,0.0,36.30622173644981,0.30609166666666665
非标住宿,酒店,1462,0,37967.0,0.0,35.490271536189645,0.6327833333333334
酒店,非标住宿,1590,0,21925.5,0.0,32.689054028332045,0.365425
其他旅游,旅游,376,0,19884.0,0.0,31.804980282779717,0.3314
自然景观,植物园,20,0,41207.5,0.0,31.51878846702301,0.6867916666666667
展览馆,旅游,431,0,19096.0,0.0,31.2746508193726,0.31826666666666664
自然景观,旅游,809,0,20032.0,0.0,31.230017754905727,0.33386666666666664
人文古迹,旅游,475,0,20327.0,0.0,28.704627430280638,0.3387833333333333
水上项目/水上体验,旅游,135,0,18879.0,0.0,28.704627430280638,0.31465
地标建筑,旅游,88,0,13521.0,0.0,28.624222311428312,0.22535
公园,旅游,236,0,18982.5,0.0,28.140627511795287,0.316375
度假景区,旅游,137,0,16129.0,0.0,27.318886795715365,0.26881666666666665
结婚,生活服务,371,0,21947.0,0.0,26.910308398953767,0.36578333333333335
其他旅游,自然景观,88,0,21743.5,0.0,25.81587192791322,0.36239166666666667
影视基地,旅游,43,0,18849.0,0.0,24.524341882181513,0.31415
生活服务,结婚,378,0,20465.0,0.0,24.50386881172424,0.34108333333333335
展览馆,人文古迹,59,0,33243.0,0.0,23.658291797357204,0.55405
人文古迹,自然景观,110,0,22905.5,0.0,23.01499851301682,0.3817583333333333
自然景观,人文古迹,105,0,20111.0,0.0,22.259555539537182,0.33518333333333333
自然景观,公园,52,0,23557.0,0.0,22.248894832861158,0.39261666666666667
人文古迹,公园,32,0,20316.5,0.0,21.66727337486719,0.33860833333333334
其他旅游,人文古迹,46,0,35109.5,0.0,21.596086053864816,0.5851583333333333
人文古迹,展览馆,54,0,29325.5,0.0,21.263990790901808,0.48875833333333335
公园,自然景观,51,0,28503.0,0.0,21.22910993205297,0.47505
植物园,旅游,58,0,18376.0,0.0,20.908308868969847,0.3062666666666667
生活服务,家居,53,0,39174.0,0.0,19.88613849652658,0.6529
自然景观,其他旅游,65,0,18020.0,0.0,19.730724723460906,0.30033333333333334
家居,生活服务,50,0,34472.5,0.0,18.8014326570676,0.5745416666666666
公园,人文古迹,28,0,37533.0,0.0,18.75455830623315,0.62555
展览馆,动物园类,37,0,24997.0,0.0,17.3437279467666,0.4166166666666667
自然景观,水上项目/水上体验,21,0,31572.0,0.0,17.341272448797174,0.5262
人文古迹,其他旅游,35,0,28527.0,0.0,16.83291584027881,0.47545
游玩,旅游,40,0,47253.0,0.0,16.812710352021515,0.78755
家居,结婚,25,0,48638.0,0.0,16.271094019716905,0.8106333333333333
结婚,家居,22,0,68405.0,0.0,16.087459310096456,1.1400833333333333
水上项目/水上体验,自然景观,21,0,23996.0,0.0,15.965359328849507,0.3999333333333333
展览馆,其他旅游,26,0,19576.0,0.0,15.15599232025104,0.32626666666666665
结婚,丽人,715,0,25519.0,0.0,15.107256381457734,0.4253166666666667
动物园类,其他旅游,27,0,25911.0,0.0,14.846740938338696,0.43185
亲子,母婴玩具,131,0,22521.0,0.0,14.626623093252789,0.37535
动物园类,主题乐园,66,0,30139.0,0.0,14.467029647276817,0.5023166666666666
主题乐园,其他旅游,50,0,32713.5,0.0,14.157775177168295,0.545225
主题乐园,亲子,171,0,31144.0,0.0,14.115398528614401,0.5190666666666667
其他旅游,展览馆,25,0,27433.0,0.0,14.062555609014805,0.45721666666666666
温泉景区,酒店,962,0,16653.0,0.0,13.818413707460348,0.27755
自然景观,展览馆,54,0,29647.0,0.0,13.595244615808275,0.49411666666666665
动物园类,展览馆,30,0,27962.5,0.0,13.591269613321657,0.4660416666666667
丽人,结婚,666,0,23050.0,0.0,13.515624770995222,0.38416666666666666
购物,电影演出赛事,269,0,12988.0,0.0,13.03880037291315,0.21646666666666667
家居,教育培训,23,0,149278.0,0.0,12.963403889011897,2.487966666666667
教育培训,家居,20,0,69704.5,0.0,12.25759481216458,1.1617416666666667
其他旅游,动物园类,22,0,22313.5,0.0,12.232965467383735,0.3718916666666667
主题乐园,动物园类,52,0,28255.0,0.0,11.962968208928714,0.47091666666666665
展览馆,自然景观,46,0,24372.5,0.0,11.699022908403766,0.40620833333333334
度假景区,酒店,135,0,21288.0,0.0,11.581203275372719,0.3548
医疗健康,医药健康,485,0,25479.0,0.0,11.499793971524124,0.42465
滑雪景区,教育培训,62,0,29469.0,0.0,11.234351089551325,0.49115
服饰鞋帽,日用百货,319,0,17956.0,0.0,11.218585368349812,0.2992666666666667
其他旅游,主题乐园,41,0,30102.0,0.0,11.187844722018125,0.5017
母婴玩具,亲子,103,0,17272.0,0.0,11.140170562634768,0.28786666666666666
服饰鞋帽,美妆日化,227,0,20460.0,0.0,11.060147214710172,0.341
主题乐园,展览馆,47,0,35160.0,0.0,11.017709251705632,0.586
母婴玩具,日用百货,287,0,18791.0,0.0,10.672038901686616,0.3131833333333333
动物园类,亲子,67,0,32776.0,0.0,10.659132822437616,0.5462666666666667
酒店,人文街区,41,0,2766.0,0.0,10.513591668602228,0.0461
日用百货,母婴玩具,268,0,20922.0,0.0,10.46842707263009,0.3487
美妆日化,服饰鞋帽,238,0,20058.5,0.0,10.456185907750067,0.3343083333333333
日用百货,服饰鞋帽,304,0,19223.5,0.0,10.417958263085248,0.3203916666666667
动物园类,自然景观,43,0,19153.0,0.0,10.345628915895333,0.31921666666666665
亲子,教育培训,152,0,24766.5,0.0,10.027846121536736,0.412775
主题乐园,公园,24,0,26908.0,0.0,9.74536962368,0.4484666666666667
教育培训,亲子,147,0,29188.0,0.0,9.737901593063118,0.48646666666666666
结婚,养车/用车,39,0,35756.0,0.0,9.571486088386907,0.5959333333333333
滑雪景区,亲子,70,0,23801.5,0.0,9.41846955519128,0.39669166666666666
其他,购物,25,0,15319.0,0.0,9.336807175874974,0.2553166666666667
K歌,休闲娱乐,1559,0,29147.0,0.0,8.993177192402339,0.48578333333333334
自然景观,酒店,538,0,26468.0,0.0,8.939368525922994,0.4411333333333333
结婚,教育培训,82,0,56602.0,0.0,8.797127177278457,0.9433666666666667
美妆日化,日用百货,1158,0,18810.5,0.0,8.793509929078013,0.31350833333333333
日用百货,美妆日化,1071,0,18223.0,0.0,8.786560993561643,0.3037166666666667
养车/用车,结婚,38,0,37102.5,0.0,8.740486536015233,0.618375
亲子,结婚,114,0,22718.0,0.0,8.732722639689742,0.3786333333333333
丽人,教育培训,493,0,25266.0,0.0,8.63975933142102,0.4211
公园,主题乐园,22,0,23201.5,0.0,8.62296506951626,0.38669166666666666
主题乐园,人文古迹,43,0,24556.0,0.0,8.580034480754472,0.40926666666666667
教育培训,结婚,82,0,62554.5,0.0,8.5055579459799,1.042575
休闲娱乐,丽人,5335,0,26716.0,0.0,8.445672542051616,0.44526666666666664
丽人,医疗健康,378,0,32853.5,0.0,8.417370130933683,0.5475583333333334
人文古迹,酒店,323,0,23760.0,0.0,8.404673286533155,0.396
主题乐园,自然景观,67,0,28266.0,0.0,8.3707595925504,0.4711
人文古迹,动物园类,21,0,23421.0,0.0,8.364072251196653,0.39035
丽人,休闲娱乐,5239,0,27400.0,0.0,8.275837339435872,0.45666666666666667
医药健康,医疗健康,355,0,28081.0,0.0,8.198773335234375,0.4680166666666667
公园,亲子,29,0,18504.0,0.0,8.165042281558835,0.3084
休闲娱乐,K歌,1379,0,27207.0,0.0,8.002349873029335,0.45345
滑雪景区,自然景观,39,0,35503.0,0.0,7.959270046640516,0.5917166666666667
电影演出赛事,购物,141,0,40453.0,0.0,7.939513750730419,0.6742166666666667
母婴玩具,服饰鞋帽,36,0,26524.5,0.0,7.905934445757454,0.442075
自然景观,滑雪景区,39,0,19313.0,0.0,7.857664709287501,0.32188333333333335
日用百货,数码家电,443,0,19465.0,0.0,7.830158925122168,0.3244166666666667
动物园类,人文古迹,20,0,24744.5,0.0,7.821749718113749,0.4124083333333333
人文古迹,主题乐园,40,0,24156.5,0.0,7.8067842553688145,0.40260833333333335
教育培训,丽人,442,0,22694.5,0.0,7.8001444336517185,0.37824166666666664
展览馆,主题乐园,33,0,36248.0,0.0,7.771967913689226,0.6041333333333333
医疗健康,丽人,384,0,46653.5,0.0,7.653295582249197,0.7775583333333334
自然景观,主题乐园,61,0,24911.0,0.0,7.547832624431013,0.41518333333333335
亲子,医疗健康,89,0,23344.0,0.0,7.490680235364792,0.38906666666666667
服饰鞋帽,母婴玩具,31,0,27156.0,0.0,7.37023012169086,0.4526
自然景观,动物园类,29,0,19682.0,0.0,7.2922004851998405,0.32803333333333334
购物,鲜花绿植,466,0,19845.5,0.0,7.232784538435658,0.3307583333333333
生活服务,购物,579,0,18408.0,0.0,7.227472674360874,0.3068
休闲娱乐,医疗健康,712,0,26276.5,0.0,7.198809267878678,0.4379416666666667
电影演出赛事,K歌,38,0,95131.5,0.0,7.1219904311682996,1.585525
医疗健康,休闲娱乐,784,0,27090.0,0.0,7.078701155081996,0.4515
滑雪景区,运动健身,93,0,35175.0,0.0,7.070245245752897,0.58625
人文街区,酒店,30,0,16420.5,0.0,7.0557751047438835,0.273675
亲子,旅游,329,0,23151.0,0.0,7.019286440898562,0.38585
结婚,亲子,88,0,21069.0,0.0,7.017256180125804,0.35115
运动健身,丽人,944,0,24738.0,0.0,6.991967344674675,0.4123
公园,酒店,135,0,21016.0,0.0,6.946326680161507,0.35026666666666667
主题乐园,滑雪景区,37,0,22128.0,0.0,6.931749058012245,0.3688
数码家电,日用百货,389,0,18482.0,0.0,6.931070551084411,0.3080333333333333
母婴玩具,美妆日化,134,0,20350.5,0.0,6.921920743349315,0.339175
电影演出赛事,休闲娱乐,303,0,62586.0,0.0,6.8736354510721425,1.0431
购物,数码家电,484,0,17761.5,0.0,6.839189540627826,0.296025
休闲娱乐,运动健身,2026,0,24142.5,0.0,6.797693042974914,0.402375
主题乐园,酒店,439,0,27712.0,0.0,6.776360250268526,0.46186666666666665
其他旅游,亲子,34,0,29072.0,0.0,6.768206123422942,0.4845333333333333
丽人,运动健身,913,0,22318.0,0.0,6.742486320335566,0.37196666666666667
鲜花绿植,购物,380,0,24958.5,0.0,6.73538373308295,0.415975
休闲娱乐,电影演出赛事,321,0,20698.0,0.0,6.717192973079105,0.34496666666666664
购物,生活服务,527,0,19652.0,0.0,6.632807863253358,0.32753333333333334
休闲娱乐,亲子,1116,0,26607.5,0.0,6.60657453141016,0.44345833333333334
医疗健康,亲子,87,0,23524.0,0.0,6.536950211605331,0.3920666666666667
运动健身,休闲娱乐,1928,0,22372.5,0.0,6.474347031481345,0.372875
购物,家居,52,0,16199.0,0.0,6.437589122034997,0.26998333333333335
日用百货,超市便利,7990,0,18802.0,0.0,6.42114936495088,0.3133666666666667
亲子,休闲娱乐,1080,0,27669.5,0.0,6.398053793465475,0.46115833333333334
地标建筑,酒店,45,0,18206.0,0.0,6.364032447416052,0.30343333333333333
水上项目/水上体验,酒店,68,0,26041.0,0.0,6.264594440425176,0.43401666666666666
生活服务,宠物,149,0,26136.0,0.0,6.2192857891677065,0.4356
美妆日化,超市便利,6001,0,17241.0,0.0,6.177322201719107,0.28735
超市便利,日用百货,7828,0,18038.0,0.0,6.170715138457395,0.3006333333333333
宠物,生活服务,145,0,25846.0,0.0,6.168771567753844,0.4307666666666667
医疗健康,生活服务,89,0,32801.0,0.0,6.133853857836966,0.5466833333333333
温泉景区,非标住宿,32,0,24816.0,0.0,6.07721348629153,0.4136
超市便利,美妆日化,5471,0,17508.0,0.0,5.9677859253803085,0.2918
展览馆,酒店,189,0,18628.0,0.0,5.916885806626334,0.31046666666666667
亲子,生活服务,131,0,22317.0,0.0,5.904771801938498,0.37195
生活服务,医疗健康,82,0,27325.5,0.0,5.881667417755747,0.455425
酒店,温泉景区,546,0,10154.5,0.0,5.815698815331657,0.16924166666666668
数码家电,购物,375,0,16237.0,0.0,5.798440589110781,0.27061666666666667
其他旅游,酒店,158,0,19010.5,0.0,5.770079126803779,0.3168416666666667
酒店,度假景区,76,0,3406.0,0.0,5.6455132616786665,0.05676666666666667
展览馆,亲子,33,0,32314.0,0.0,5.642081970010327,0.5385666666666666
酒店,公园,135,0,3763.0,0.0,5.5109558226407955,0.06271666666666667
温泉景区,自然景观,47,0,20069.0,0.0,5.505354481999344,0.33448333333333335
服饰鞋帽,超市便利,1144,0,19983.0,0.0,5.445265328167504,0.33305
超市便利,大型百货商场,25,0,21871.0,0.0,5.440095086299409,0.36451666666666666
美妆日化,母婴玩具,107,0,20571.0,0.0,5.3832621448212645,0.34285
数码家电,超市便利,2224,0,19647.0,0.0,5.364029635573365,0.32745
温泉景区,休闲娱乐,573,0,30106.0,0.0,5.327900429120036,0.5017666666666667
家居,购物,43,0,18363.0,0.0,5.307122340720478,0.30605
酒店,人文古迹,260,0,7870.0,0.0,5.290620107586371,0.13116666666666665
酒水茶饮,超市便利,3511,0,24751.0,0.0,5.237900349467902,0.41251666666666664
超市便利,服饰鞋帽,1136,0,17977.0,0.0,5.167568508394876,0.29961666666666664
生活服务,亲子,122,0,24791.0,0.0,5.105984721403203,0.41318333333333335
超市便利,数码家电,2158,0,19552.0,0.0,5.0662107654868835,0.3258666666666667
数码家电,美妆日化,205,0,16308.0,0.0,5.065716426110726,0.2718
运动健身,亲子,181,0,28351.0,0.0,5.032035757609922,0.47251666666666664
超市便利,母婴玩具,969,0,21343.0,0.0,5.022776926961205,0.3557166666666667
教育培训,养车/用车,24,0,40089.0,0.0,4.992128212974296,0.66815
超市便利,酒水茶饮,3283,0,25494.0,0.0,4.981846970916261,0.4249
丽人,家居,42,0,66219.5,0.0,4.962951132608555,1.1036583333333334
休闲娱乐,酒店,4460,0,34698.0,0.0,4.951473980759523,0.5783
酒店,自然景观,384,0,16611.0,0.0,4.92658976404808,0.27685
酒店,地标建筑,37,0,6457.0,0.0,4.901153142839975,0.10761666666666667
K歌,电影演出赛事,28,0,56227.5,0.0,4.857400592295842,0.937125
母婴玩具,超市便利,950,0,22364.5,0.0,4.78036292650913,0.3727416666666667
生活服务,教育培训,84,0,73413.0,0.0,4.743280175609472,1.22355
人文古迹,结婚,21,0,28860.0,0.0,4.736313526666949,0.481
生活服务,丽人,424,0,38081.0,0.0,4.721267219206557,0.6346833333333334
服饰鞋帽,购物,154,0,15851.0,0.0,4.715279830238094,0.2641833333333333
美妆日化,数码家电,204,0,15416.0,0.0,4.630566112841813,0.25693333333333335
家居,丽人,42,0,172379.5,0.0,4.623661856488879,2.8729916666666666
酒店,展览馆,192,0,2940.5,0.0,4.605079089178939,0.049008333333333334
数码家电,生活服务,96,0,21486.0,0.0,4.572033940999606,0.3581
滑雪景区,主题乐园,24,0,18591.0,0.0,4.568289370519714,0.30985
休闲娱乐,游玩,28,0,28482.5,0.0,4.548557250545178,0.47470833333333334
酒店,休闲娱乐,4353,0,31727.0,0.0,4.508937884099651,0.5287833333333334
滑雪景区,酒店,178,0,23313.5,0.0,4.456091837824641,0.38855833333333334
家居,日用百货,31,0,32252.0,0.0,4.4480406414663305,0.5375333333333333
运动健身,K歌,163,0,27121.0,0.0,4.445611035945632,0.4520166666666667
日用百货,家居,28,0,42932.0,0.0,4.405245215512877,0.7155333333333334
亲子,运动健身,157,0,23767.0,0.0,4.367898113715585,0.3961166666666667
酒店,旅游,1166,0,27006.0,0.0,4.343236875451363,0.4501
K歌,运动健身,160,0,35511.0,0.0,4.335185119012595,0.59185
丽人,生活服务,361,0,42982.0,0.0,4.321118969483044,0.7163666666666667
水果,食材,1631,0,22684.0,0.0,4.227933141921553,0.37806666666666666
教育培训,生活服务,69,0,64744.0,0.0,4.225714153561517,1.0790666666666666
电影演出赛事,旅游,51,0,43399.0,0.0,4.225451171619514,0.7233166666666667
运动健身,电影演出赛事,42,0,20941.0,0.0,4.193238588332059,0.34901666666666664
结婚,医疗健康,30,0,132393.0,0.0,4.172410123245701,2.20655
亲子,丽人,315,0,26475.0,0.0,4.122997884901678,0.44125
动物园类,酒店,138,0,29521.5,0.0,4.08890361936617,0.492025
美妆日化,医药健康,567,0,28155.0,0.0,3.968186108256252,0.46925
食材,超市便利,6255,0,25603.0,0.0,3.940076513059788,0.4267166666666667
购物,服饰鞋帽,143,0,12672.0,0.0,3.932969337477262,0.2112
教育培训,医疗健康,34,0,39675.0,0.0,3.931150602409639,0.66125
超市便利,食材,6164,0,24684.0,0.0,3.9307168270151807,0.4114
丽人,亲子,297,0,29496.0,0.0,3.877086648059194,0.4916
食材,水果,1562,0,23230.0,0.0,3.850651173734576,0.38716666666666666
鲜花绿植,日用百货,186,0,25498.5,0.0,3.8097047575660348,0.424975
酒店,水上项目/水上体验,49,0,29768.0,0.0,3.8043786228027074,0.4961333333333333
自然景观,温泉景区,33,0,26357.0,0.0,3.744881244397425,0.43928333333333336
休闲食品,超市便利,4604,0,23515.0,0.0,3.7368054808164897,0.3919166666666667
丽人,养车/用车,93,0,30825.0,0.0,3.7115827931748187,0.51375
购物,K歌,272,0,13421.0,0.0,3.664738703292355,0.22368333333333335
植物园,酒店,23,0,15223.0,0.0,3.658550054311643,0.25371666666666665
亲子,电影演出赛事,20,0,36354.5,0.0,3.61126084841496,0.6059083333333334
生活服务,数码家电,81,0,24989.0,0.0,3.5057913788076824,0.4164833333333333
超市便利,宠物,1533,0,17842.0,0.0,3.4908646414803464,0.29736666666666667
亲子,动物园类,25,0,57271.0,0.0,3.486603057725412,0.9545166666666667
日用百货,鲜花绿植,177,0,25546.0,0.0,3.4477308506950215,0.4257666666666667
K歌,购物,240,0,11853.5,0.0,3.4355655863260353,0.19755833333333334
养车/用车,购物,78,0,22211.0,0.0,3.41240923406458,0.3701833333333333
宠物,超市便利,1576,0,19064.0,0.0,3.4080108422690367,0.3177333333333333
教育培训,休闲娱乐,424,0,29522.0,0.0,3.3945640865584688,0.4920333333333333
结婚,宠物,42,0,70675.5,0.0,3.386262616023368,1.177925
购物,养车/用车,80,0,21376.5,0.0,3.3658298637054878,0.356275
养车/用车,丽人,85,0,55118.0,0.0,3.3116440852927456,0.9186333333333333
宠物,结婚,45,0,65179.0,0.0,3.299334159863183,1.0863166666666666
超市便利,休闲食品,4341,0,24050.0,0.0,3.298512572328923,0.4008333333333333
数码家电,服饰鞋帽,31,0,24275.0,0.0,3.2793084175933345,0.40458333333333335
亲子,购物,221,0,14836.0,0.0,3.249135452373626,0.24726666666666666
购物,亲子,236,0,20891.5,0.0,3.2449905057492665,0.3481916666666667
医疗健康,运动健身,76,0,37350.0,0.0,3.243156195624511,0.6225
购物,日用百货,680,0,11113.0,0.0,3.2255858656898084,0.18521666666666667
医药健康,美妆日化,498,0,26621.0,0.0,3.2224471912522965,0.4436833333333333
生活服务,休闲娱乐,630,0,31819.0,0.0,3.1797660992664967,0.5303166666666667
运动健身,医疗健康,66,0,35915.5,0.0,3.1622420165557106,0.5985916666666666
丽人,购物,794,0,28322.0,0.0,3.1048486655877374,0.47203333333333336
医疗健康,教育培训,30,0,58721.5,0.0,3.0955630346973675,0.9786916666666666
超市便利,医药健康,4244,0,24836.0,0.0,3.0808586563967846,0.4139333333333333
宠物,养车/用车,21,0,33920.0,0.0,3.0747666333629957,0.5653333333333334
水上项目/水上体验,休闲娱乐,51,0,29008.0,0.0,3.0539330882532933,0.48346666666666666
人文古迹,亲子,21,0,43850.0,0.0,3.0410208245427635,0.7308333333333333
休闲娱乐,教育培训,381,0,31674.0,0.0,3.0371901425060925,0.5279
教育培训,K歌,46,0,29982.5,0.0,3.0319135033610123,0.4997083333333333
购物,丽人,826,0,32182.0,0.0,3.030161990660143,0.5363666666666667
酒店,其他旅游,104,0,8908.5,0.0,3.0300085129498235,0.148475
酒店,主题乐园,249,0,12547.0,0.0,2.9378257142754247,0.20911666666666667
大型百货商场,超市便利,30,0,21364.0,0.0,2.9005026847610242,0.35606666666666664
休闲娱乐,生活服务,533,0,30585.0,0.0,2.8977627989724737,0.50975
K歌,酒店,321,0,42710.0,0.0,2.8696710729146,0.7118333333333333
母婴玩具,数码家电,25,0,14197.0,0.0,2.868333635519513,0.23661666666666667
亲子,展览馆,20,0,47741.5,0.0,2.8637522576827035,0.7956916666666667
养车/用车,酒店,105,0,38380.0,0.0,2.8624303596063214,0.6396666666666667
自然景观,亲子,31,0,29228.0,0.0,2.828062103879075,0.4871333333333333
酒店,养车/用车,108,0,41875.5,0.0,2.822038703259918,0.697925
度假景区,休闲娱乐,50,0,29319.5,0.0,2.809294416462181,0.4886583333333333
母婴玩具,医药健康,81,0,34635.0,0.0,2.7979093439011216,0.57725
日用百货,购物,542,0,11408.5,0.0,2.7910889976228024,0.19014166666666665
休闲娱乐,旅游,1079,0,25075.0,0.0,2.7867317744350837,0.41791666666666666
休闲娱乐,家居,52,0,80088.0,0.0,2.780874153978981,1.3348
服饰鞋帽,数码家电,25,0,20942.0,0.0,2.713706485356736,0.3490333333333333
亲子,滑雪景区,24,0,45450.5,0.0,2.709351322742009,0.7575083333333333
医疗健康,结婚,22,0,178519.0,0.0,2.6609786513714493,2.9753166666666666
非标住宿,旅游,46,0,43843.5,0.0,2.6505255191025343,0.730725
鲜花绿植,甜点,510,0,32726.0,0.0,2.6230214537769134,0.5454333333333333
K歌,教育培训,40,0,30593.0,0.0,2.61737798808654,0.5098833333333334
结婚,休闲娱乐,270,0,37278.5,0.0,2.593809234010771,0.6213083333333334
宠物,休闲娱乐,460,0,23610.0,0.0,2.577150399099919,0.3935
数码家电,母婴玩具,21,0,19169.0,0.0,2.5686287805770887,0.31948333333333334
医药健康,超市便利,4031,0,25787.0,0.0,2.552661837483136,0.42978333333333335
医药健康,母婴玩具,82,0,32726.5,0.0,2.54488618925663,0.5454416666666667
非标住宿,休闲娱乐,161,0,39843.0,0.0,2.5420981487228564,0.66405
甜点,鲜花绿植,481,0,45393.0,0.0,2.5405292061265174,0.75655
展览馆,休闲娱乐,125,0,26432.0,0.0,2.5381801047777888,0.44053333333333333
休闲娱乐,结婚,273,0,45512.0,0.0,2.5240315413645154,0.7585333333333333
休闲娱乐,非标住宿,176,0,24114.5,0.0,2.521356139334375,0.4019083333333333
酒店,滑雪景区,131,0,11151.0,0.0,2.5030117067210784,0.18585
丽人,K歌,195,0,41235.0,0.0,2.500118522318426,0.68725
生活服务,非标住宿,24,0,20463.5,0.0,2.4994944101681775,0.34105833333333335
休闲娱乐,宠物,417,0,29547.0,0.0,2.4693025387791394,0.49245
酒店,K歌,292,0,40182.0,0.0,2.4506275709115997,0.6697
医疗健康,宠物,32,0,32417.5,0.0,2.448393965207767,0.5402916666666666
其他旅游,休闲娱乐,103,0,34475.0,0.0,2.4413513593090257,0.5745833333333333
家居,休闲娱乐,49,0,53104.0,0.0,2.4388426306661652,0.8850666666666667
电影演出赛事,运动健身,22,0,65254.5,0.0,2.429036086297422,1.087575
亲子,主题乐园,35,0,43049.0,0.0,2.4178251204149688,0.7174833333333334
结婚,购物,100,0,36310.0,0.0,2.3904670628190754,0.6051666666666666
购物,结婚,111,0,48365.0,0.0,2.388384017684929,0.8060833333333334
运动健身,旅游,196,0,21378.0,0.0,2.3762208651183045,0.3563
购物,餐饮,8383,0,18906.0,0.0,2.3450838732371744,0.3151
酒店,结婚,175,0,22077.0,0.0,2.3384502167900862,0.36795
养车/用车,休闲娱乐,131,0,34566.0,0.0,2.3057663624646985,0.5761
其他旅游,运动健身,20,0,28780.5,0.0,2.3025520809092868,0.479675
医药健康,未知品类,8682,8593,43769.0,0.9897489057820779,2.297199005257629,0.7294833333333334
养车/用车,运动健身,27,0,28306.0,0.0,2.284507659644643,0.47176666666666667
主题乐园,温泉景区,21,0,21115.0,0.0,2.250129675965642,0.35191666666666666
结婚,酒店,149,0,24855.0,0.0,2.2194619113184775,0.41425
温泉景区,主题乐园,20,0,27669.5,0.0,2.211890858028278,0.46115833333333334
运动健身,购物,262,0,14534.5,0.0,2.1827909492598847,0.24224166666666666
宠物,医药健康,146,0,49490.5,0.0,2.1563837119280955,0.8248416666666667
鲜花绿植,美妆日化,75,0,24381.0,0.0,2.1424033949878654,0.40635
生活服务,运动健身,90,0,33702.5,0.0,2.141906097136068,0.5617083333333334
K歌,丽人,167,0,41489.0,0.0,2.135018634394586,0.6914833333333333
购物,运动健身,274,0,14291.5,0.0,2.1349239712490236,0.23819166666666666
动物园类,休闲娱乐,111,0,36029.0,0.0,2.1311911302640847,0.6004833333333334
滑雪景区,休闲娱乐,131,0,35031.0,0.0,2.1256283653971435,0.58385
餐饮,美食,120363,0,21590.0,0.0,2.1241942957111895,0.35983333333333334
教育培训,旅游,73,0,21415.0,0.0,2.124142429840767,0.35691666666666666
主题乐园,休闲娱乐,212,0,38711.5,0.0,2.121952788384098,0.6451916666666667
教育培训,购物,106,0,34183.5,0.0,2.11335039346247,0.569725
丽人,宠物,161,0,38162.0,0.0,2.105130933589852,0.6360333333333333
休闲娱乐,养车/用车,115,0,29777.0,0.0,2.0822036862960793,0.49628333333333335
公园,休闲娱乐,62,0,29187.0,0.0,2.081465173825012,0.48645
宠物,医疗健康,25,0,35143.0,0.0,2.043942820400462,0.5857166666666667
休闲娱乐,购物,1148,0,18322.0,0.0,2.0399863415794623,0.3053666666666667
餐饮,购物,7309,0,11034.0,0.0,2.026440956467739,0.1839
生活服务,酒店,258,0,40851.0,0.0,2.0176845843691895,0.68085
运动健身,酒店,385,0,33853.0,0.0,2.0028053716795853,0.5642166666666667
美妆日化,鲜花绿植,79,0,25948.0,0.0,1.98470498783455,0.43246666666666667
运动健身,生活服务,77,0,29602.0,0.0,1.9786334337508338,0.4933666666666667
饮品,甜点,7024,0,27471.5,0.0,1.9699616734613732,0.4578583333333333
生活服务,日用百货,136,0,34607.0,0.0,1.967394158921437,0.5767833333333333
酒店,动物园类,81,0,14376.0,0.0,1.924006990247599,0.2396
未知品类,水果,6635,0,38015.0,0.0,1.9007902713428788,0.6335833333333334
购物,休闲娱乐,1142,0,21505.0,0.0,1.89977746133356,0.35841666666666666
医疗健康,购物,84,0,44071.0,0.0,1.8953765191261425,0.7345166666666667
电影演出赛事,酒店,53,0,72053.0,0.0,1.8875321936257523,1.2008833333333333
甜点,饮品,6864,0,28512.0,0.0,1.8874988433913387,0.4752
购物,超市便利,2930,0,18824.5,0.0,1.8832273582900008,0.31374166666666664
鲜花绿植,水果,173,0,23771.0,0.0,1.8810125251765228,0.39618333333333333
宠物,丽人,151,0,51783.0,0.0,1.8732091168977305,0.86305
美食,餐饮,92583,0,31900.0,0.0,1.8643904448525874,0.5316666666666666
餐饮,饮品,34067,0,17453.0,0.0,1.8564006526032901,0.2908833333333333
购物,教育培训,99,0,22452.0,0.0,1.840562365020721,0.3742
水果,超市便利,4225,0,25390.0,0.0,1.8359185856850078,0.4231666666666667
酒店,生活服务,230,0,38855.0,0.0,1.8080265413442684,0.6475833333333333
未知品类,医药健康,3580,0,83418.0,0.0,1.779935615393833,1.3903
购物,医疗健康,75,0,35072.0,0.0,1.7763422612966246,0.5845333333333333
甜点,休闲食品,1135,0,34594.0,0.0,1.7649298674911247,0.5765666666666667
运动健身,养车/用车,20,0,35155.5,0.0,1.7621127004510595,0.585925
医药健康,宠物,129,0,34403.0,0.0,1.7517378673474213,0.5733833333333334
日用百货,生活服务,109,0,26807.0,0.0,1.7281478088735638,0.4467833333333333
运动健身,滑雪景区,27,0,32238.0,0.0,1.7207782175628454,0.5373
美食,未知品类,88669,86351,74592.0,0.9738578308089637,1.7140106610361505,1.2432
亲子,宠物,34,0,26221.5,0.0,1.7044084433942377,0.437025
宠物,亲子,36,0,39986.0,0.0,1.7039197888124442,0.6664333333333333
未知品类,餐饮,53329,0,27772.0,0.0,1.7000132112998263,0.46286666666666665
自然景观,休闲娱乐,156,0,49304.5,0.0,1.6843410471763272,0.8217416666666667
酒店,运动健身,347,0,34119.0,0.0,1.6832874707725825,0.56865
水果,甜点,2076,0,26331.5,0.0,1.6759698835256485,0.43885833333333335
宠物,教育培训,26,0,49347.0,0.0,1.6714625093115734,0.82245
甜点,水果,1939,0,35880.0,0.0,1.659374673278775,0.598
餐饮,甜点,20535,0,18862.0,0.0,1.6530120051006005,0.3143666666666667
休闲娱乐,餐饮,13660,0,34175.0,0.0,1.6506222045270347,0.5695833333333333
未知品类,鲜花绿植,931,0,33585.0,0.0,1.6450464370158009,0.55975
母婴玩具,购物,50,0,10697.5,0.0,1.6398825414563913,0.17829166666666665
水果,鲜花绿植,155,0,23525.0,0.0,1.6336169656100628,0.39208333333333334
K歌,餐饮,1668,0,39803.0,0.0,1.6191813712885805,0.6633833333333333
甜点,餐饮,16768,0,33410.0,0.0,1.5962568782518531,0.5568333333333333
游玩,餐饮,82,0,40942.5,0.0,1.593770354903597,0.682375
超市便利,水果,3782,0,27183.0,0.0,1.582188676404015,0.45305
主题乐园,运动健身,33,0,19038.0,0.0,1.5820793055666376,0.3173
运动健身,结婚,35,0,59228.0,0.0,1.5502290842805266,0.9871333333333333
饮品,未知品类,24559,24187,69897.0,0.9848528034529094,1.54949464238307,1.16495
休闲食品,甜点,1026,0,27851.0,0.0,1.5479149273931598,0.46418333333333334
餐饮,K歌,1695,0,31873.0,0.0,1.5355842298566882,0.5312166666666667
超市便利,未知品类,34309,33883,47724.0,0.9875834329184762,1.532962109297132,0.7954
购物,母婴玩具,48,0,12633.5,0.0,1.5247566162397368,0.21055833333333332
教育培训,宠物,22,0,80679.5,0.0,1.5114937562940585,1.3446583333333333
酒店,医药健康,547,0,73031.0,0.0,1.48914248949706,1.2171833333333333
休闲食品,水果,465,0,31221.0,0.0,1.4791903266861768,0.52035
水果,美食,8176,0,29309.5,0.0,1.446642386455908,0.48849166666666666
水果,休闲食品,467,0,29217.0,0.0,1.444586185147821,0.48695
生活服务,K歌,34,0,39977.5,0.0,1.424484497182837,0.6662916666666666
丽人,餐饮,5335,0,46137.0,0.0,1.4182313783411065,0.76895
生活服务,酒水茶饮,50,0,37554.0,0.0,1.409610142413266,0.6259
未知品类,超市便利,19223,0,45462.0,0.0,1.4076811539506473,0.7577
饮品,餐饮,21355,0,29259.0,0.0,1.4036077147624701,0.48765
电影演出赛事,丽人,27,0,83182.0,0.0,1.3956444057342294,1.3863666666666667
餐饮,休闲娱乐,12404,0,30304.5,0.0,1.3906591475440298,0.505075
丽人,美妆日化,222,0,27754.5,0.0,1.3887640283235716,0.462575
甜点,美食,15547,0,29245.0,0.0,1.384500882672071,0.48741666666666666
超市便利,鲜花绿植,536,0,23217.0,0.0,1.3839826406557965,0.38695
未知品类,酒水茶饮,1317,0,40633.0,0.0,1.3693313062524264,0.6772166666666667
未知品类,美食,45883,0,38555.0,0.0,1.3682487873611262,0.6425833333333333
超市便利,购物,1990,0,17959.0,0.0,1.361720951546831,0.2993166666666667
鲜花绿植,超市便利,491,0,26821.0,0.0,1.3596911076239901,0.4470166666666667
美食,水果,7504,0,34711.0,0.0,1.3579967648893096,0.5785166666666667
亲子,餐饮,1356,0,38836.5,0.0,1.3516139044116533,0.647275
结婚,餐饮,830,0,33241.0,0.0,1.338506161899734,0.5540166666666667
日用百货,医药健康,244,0,34870.5,0.0,1.3363405892072289,0.581175
养车/用车,餐饮,453,0,37676.0,0.0,1.3345898905540934,0.6279333333333333
教育培训,酒店,107,0,32898.0,0.0,1.333541494796594,0.5483
K歌,宠物,27,0,67194.0,0.0,1.3280976943258167,1.1199
电影演出赛事,餐饮,348,0,136892.0,0.0,1.3279720928826089,2.2815333333333334
医疗健康,酒店,94,0,37115.0,0.0,1.32432696716192,0.6185833333333334
丽人,酒店,539,0,34293.0,0.0,1.3184452961556123,0.57155
水果,饮品,2376,0,28413.0,0.0,1.298445774208871,0.47355
酒店,餐饮,7336,0,32766.5,0.0,1.278659638573647,0.5461083333333333
休闲食品,食材,262,0,25472.0,0.0,1.2726548477603763,0.4245333333333333
酒水茶饮,未知品类,2040,2020,27553.0,0.9901960784313726,1.272042979840041,0.45921666666666666
酒店,电影演出赛事,41,0,31840.0,0.0,1.2637247453725295,0.5306666666666666
生活服务,医药健康,94,0,37111.5,0.0,1.256201449385782,0.618525
家居,超市便利,65,0,41847.0,0.0,1.2444806397260795,0.69745
美食,甜点,14452,0,27500.5,0.0,1.2417796684029803,0.45834166666666665
美食,休闲食品,3773,0,31854.0,0.0,1.2403844940733721,0.5309
购物,酒水茶饮,135,0,18145.0,0.0,1.2398194156556872,0.30241666666666667
K歌,亲子,25,0,26057.0,0.0,1.2347256889387237,0.43428333333333335
休闲食品,酒水茶饮,106,0,28436.5,0.0,1.2319333802405394,0.47394166666666665
宠物,日用百货,76,0,21807.0,0.0,1.2266892484271346,0.36345
人文古迹,休闲娱乐,72,0,44779.5,0.0,1.2249292057279695,0.746325
饮品,水果,2049,0,36840.0,0.0,1.2106728573611383,0.614
未知品类,饮品,13147,0,44678.0,0.0,1.2105728897033852,0.7446333333333334
餐饮,电影演出赛事,370,0,36534.0,0.0,1.2084125009402984,0.6089
水果,未知品类,6634,6511,46012.5,0.9814591498341875,1.2045391198229298,0.766875
餐饮,游玩,48,0,55395.0,0.0,1.1999995796846348,0.92325
休闲食品,美食,3619,0,30544.0,0.0,1.1962520349656194,0.5090666666666667
亲子,K歌,24,0,19084.5,0.0,1.1950499804344448,0.318075
超市便利,家居,58,0,36990.5,0.0,1.1925239400681107,0.6165083333333333
美食,食材,4295,0,39408.0,0.0,1.1850292161907316,0.6568
日用百货,宠物,68,0,19779.5,0.0,1.1800862118105857,0.32965833333333333
食材,未知品类,4395,4302,57014.0,0.978839590443686,1.1569688214394171,0.9502333333333334
酒水茶饮,休闲食品,107,0,27485.0,0.0,1.144458788632943,0.45808333333333334
餐饮,养车/用车,407,0,31822.0,0.0,1.1434962147680525,0.5303666666666667
餐饮,丽人,4588,0,41373.5,0.0,1.1340855635281986,0.6895583333333334
K歌,生活服务,25,0,63561.0,0.0,1.1328408309800426,1.05935
食材,休闲食品,252,0,29008.0,0.0,1.1321451625462058,0.48346666666666666
医药健康,日用百货,239,0,25150.0,0.0,1.1201045546034112,0.4191666666666667
结婚,运动健身,24,0,83269.0,0.0,1.117640083211197,1.3878166666666667
休闲娱乐,展览馆,66,0,44218.5,0.0,1.108366372835454,0.736975
食材,美食,4308,0,31951.5,0.0,1.1051663978535802,0.532525
餐饮,酒店,6357,0,26824.0,0.0,1.1018745392371385,0.44706666666666667
丽人,电影演出赛事,23,0,31111.0,0.0,1.1013092129259383,0.5185166666666666
结婚,旅游,31,0,21333.0,0.0,1.1007166899568368,0.35555
餐饮,结婚,764,0,34778.5,0.0,1.1003098391946047,0.5796416666666667
生活服务,餐饮,1293,0,42501.0,0.0,1.097363982723331,0.70835
美食,超市便利,23708,0,38397.5,0.0,1.0967155236101018,0.6399583333333333
饮品,美食,17600,0,29292.0,0.0,1.0821470140260194,0.4882
购物,宠物,78,0,28120.0,0.0,1.0803563556905413,0.4686666666666667
未知品类,食材,2467,0,43008.0,0.0,1.077679756004497,0.7168
医药健康,服饰鞋帽,39,0,23919.0,0.0,1.0764748451488269,0.39865
酒店,丽人,468,0,37143.5,0.0,1.070686943172549,0.6190583333333334
医疗健康,餐饮,698,0,54385.5,0.0,1.0607467426411217,0.906425
餐饮,亲子,1142,0,33914.0,0.0,1.0555498358431938,0.5652333333333334
饮品,休闲食品,982,0,33400.0,0.0,1.0544666691321074,0.5566666666666666
丽人,医药健康,253,0,44210.0,0.0,1.0526506063639165,0.7368333333333333
宠物,购物,75,0,26393.0,0.0,1.050618587930746,0.43988333333333335
运动健身,餐饮,1837,0,36286.0,0.0,1.0381494151172446,0.6047666666666667
未知品类,酒店,3520,0,82116.0,0.0,1.0310597279021878,1.3686
鲜花绿植,未知品类,884,775,64510.5,0.8766968325791855,1.022055504330503,1.075175
超市便利,美食,23377,0,32898.0,0.0,1.0179003475812354,0.5483
家居,餐饮,123,0,45350.0,0.0,1.0178553613952523,0.7558333333333334
鲜花绿植,酒店,91,0,41159.0,0.0,1.0167641905247395,0.6859833333333333
交通设施,餐饮,29,0,31831.0,0.0,1.0144480549511417,0.5305166666666666
宠物,美妆日化,45,0,19991.0,0.0,1.0140038576259047,0.33318333333333333
美食,饮品,17362,0,29432.0,0.0,1.0098950169314358,0.4905333333333333
美妆日化,未知品类,2346,2312,40320.0,0.9855072463768116,1.0094234949772158,0.672
餐饮,未知品类,55272,35419,21353.5,0.6408127080619482,1.000975521809036,0.35589166666666666
生活服务,旅游,54,0,19872.0,0.0,0.9960596269182556,0.3312
运动健身,宠物,35,0,30663.0,0.0,0.9941448951357897,0.51105
未知品类,宠物,632,0,50518.0,0.0,0.9865458004448117,0.8419666666666666
服饰鞋帽,医药健康,29,0,29485.0,0.0,0.968443409088121,0.49141666666666667
酒店,鲜花绿植,99,0,43157.0,0.0,0.9649792492145555,0.7192833333333334
美妆日化,丽人,162,0,19571.5,0.0,0.9566768567985177,0.32619166666666666
休闲娱乐,公园,33,0,29492.0,0.0,0.9552030320704931,0.4915333333333333
餐饮,其他,27,0,21269.0,0.0,0.949840937147203,0.3544833333333333
酒水茶饮,数码家电,28,0,15538.5,0.0,0.9492414355924677,0.258975
休闲娱乐,自然景观,105,0,49045.0,0.0,0.9404166074254389,0.8174166666666667
酒店,教育培训,81,0,27933.0,0.0,0.9403590684240772,0.46555
购物,医药健康,214,0,23575.0,0.0,0.937701972880723,0.3929166666666667
休闲食品,饮品,917,0,28349.0,0.0,0.9366649038600681,0.4724833333333333
餐饮,家居,113,0,35018.0,0.0,0.9339414785775271,0.5836333333333333
酒水茶饮,生活服务,31,0,36432.0,0.0,0.9331023024408269,0.6072
未知品类,母婴玩具,262,0,43187.5,0.0,0.9326824336788524,0.7197916666666667
未知品类,美妆日化,1240,0,45536.5,0.0,0.9269254812405436,0.7589416666666666
医药健康,生活服务,73,0,61384.0,0.0,0.915969557876775,1.0230666666666666
休闲娱乐,滑雪景区,68,0,42073.0,0.0,0.907124286368946,0.7012166666666667
未知品类,数码家电,562,0,35035.5,0.0,0.9047839716441609,0.583925
宠物,餐饮,955,0,31478.0,0.0,0.8993885222793429,0.5246333333333333
母婴玩具,未知品类,423,413,38093.0,0.9763593380614657,0.8906401425254166,0.6348833333333334
酒店,医疗健康,60,0,28942.0,0.0,0.8883256824163623,0.48236666666666667
酒水茶饮,购物,92,0,25324.0,0.0,0.8872538378791206,0.42206666666666665
宠物,未知品类,975,880,29097.0,0.9025641025641026,0.8814042664374246,0.48495
美妆日化,宠物,39,0,17561.0,0.0,0.8762282645182948,0.29268333333333335
餐饮,运动健身,1666,0,29319.5,0.0,0.8728763912494376,0.4886583333333333
未知品类,休闲食品,1672,0,42460.5,0.0,0.8704225986842156,0.707675
餐饮,生活服务,1012,0,40846.0,0.0,0.8583024802402915,0.6807666666666666
休闲食品,未知品类,2529,2501,66834.0,0.988928430209569,0.857921268001376,1.1139
美食,酒水茶饮,1301,0,38222.0,0.0,0.8545241222954314,0.6370333333333333
人文古迹,餐饮,299,0,27952.0,0.0,0.8471493736199134,0.46586666666666665
医药健康,酒店,333,0,65859.0,0.0,0.8456224213087554,1.09765
地标建筑,餐饮,55,0,27507.0,0.0,0.8433842652927137,0.45845
人文街区,餐饮,33,0,32134.0,0.0,0.8424126244340815,0.5355666666666666
酒水茶饮,美食,1373,0,33445.0,0.0,0.8345122564991292,0.5574166666666667
公园,餐饮,149,0,32719.0,0.0,0.8340084836464918,0.5453166666666667
数码家电,未知品类,820,809,37630.0,0.9865853658536585,0.8271044676347894,0.6271666666666667
K歌,酒水茶饮,25,0,35125.0,0.0,0.8221005224821605,0.5854166666666667
数码家电,酒水茶饮,23,0,28087.0,0.0,0.8209278389638524,0.4681166666666667
教育培训,餐饮,607,0,41823.0,0.0,0.8172393530686396,0.69705
餐饮,医疗健康,516,0,48219.5,0.0,0.8150251808235681,0.8036583333333334
餐饮,人文街区,29,0,22329.0,0.0,0.8129450117172806,0.37215
生活服务,超市便利,416,0,39389.5,0.0,0.8123296518774082,0.6564916666666667
甜点,超市便利,3707,0,39031.0,0.0,0.8108026662632983,0.6505166666666666
日用百货,未知品类,2380,2334,43215.5,0.980672268907563,0.7995158785600415,0.7202583333333333
餐饮,宠物,863,0,28199.0,0.0,0.7969317142055082,0.4699833333333333
食材,酒水茶饮,88,0,37516.0,0.0,0.7952991360531437,0.6252666666666666
休闲娱乐,其他旅游,38,0,78521.0,0.0,0.7802753922996187,1.3086833333333334
自然景观,餐饮,421,0,31868.0,0.0,0.7618920482551119,0.5311333333333333
未知品类,甜点,5598,0,37446.5,0.0,0.7615120748556581,0.6241083333333334
休闲娱乐,医药健康,403,0,44900.0,0.0,0.7611422262381435,0.7483333333333333
休闲娱乐,温泉景区,100,0,33369.0,0.0,0.744500011188453,0.55615
酒店,美食,4564,0,50550.5,0.0,0.7442182360107489,0.8425083333333333
休闲娱乐,鲜花绿植,110,0,36477.0,0.0,0.7426252426501249,0.60795
鲜花绿植,餐饮,613,0,37325.0,0.0,0.7386925174361166,0.6220833333333333
酒店,亲子,85,0,33759.0,0.0,0.7336566575032638,0.56265
甜点,未知品类,7979,7502,86047.0,0.9402180724401554,0.7291793989835087,1.4341166666666667
亲子,酒店,78,0,27720.0,0.0,0.7228313510417502,0.462
展览馆,餐饮,212,0,31839.0,0.0,0.7220746590380478,0.53065
数码家电,医药健康,43,0,41164.0,0.0,0.7200344294988704,0.6860666666666667
电影演出赛事,未知品类,196,182,90137.0,0.9285714285714286,0.7195577079852097,1.5022833333333334
休闲娱乐,动物园类,43,0,40492.0,0.0,0.7157712061790833,0.6748666666666666
鲜花绿植,医药健康,37,0,64563.0,0.0,0.7128500504905668,1.07605
未知品类,日用百货,1307,0,42155.0,0.0,0.7060620051525701,0.7025833333333333
亲子,医药健康,44,0,65274.0,0.0,0.6988831604488284,1.0879
水上项目/水上体验,餐饮,68,0,34935.0,0.0,0.6819552457640302,0.58225
医药健康,丽人,186,0,32090.0,0.0,0.6751305635994778,0.5348333333333334
饮品,超市便利,4466,0,41607.0,0.0,0.6744062907477575,0.69345
餐饮,教育培训,540,0,36642.0,0.0,0.6716070251766446,0.6107
超市便利,甜点,3368,0,31017.0,0.0,0.6690544214951059,0.51695
鲜花绿植,休闲娱乐,92,0,31191.5,0.0,0.664856114777487,0.5198583333333333
丽人,鲜花绿植,44,0,23830.0,0.0,0.6622551123576653,0.39716666666666667
酒店,未知品类,3950,3786,27052.5,0.9584810126582278,0.6609663490664451,0.450875
美食,医药健康,2091,0,71618.0,0.0,0.6568736909762282,1.1936333333333333
宠物,运动健身,24,0,19202.0,0.0,0.652787856125805,0.32003333333333334
酒水茶饮,食材,72,0,32660.0,0.0,0.6492464977332065,0.5443333333333333
超市便利,生活服务,307,0,36989.0,0.0,0.6438458797077619,0.6164833333333334
鲜花绿植,食材,38,0,32679.5,0.0,0.6427229273853629,0.5446583333333334
食材,鲜花绿植,41,0,29489.0,0.0,0.6376155748780044,0.4914833333333333
其他,餐饮,25,0,33287.0,0.0,0.635413372601215,0.5547833333333333
未知品类,服饰鞋帽,200,0,41805.5,0.0,0.6256446398351505,0.6967583333333334
其他旅游,餐饮,156,0,24786.0,0.0,0.6202220621049558,0.4131
休闲食品,日用百货,102,0,34403.5,0.0,0.6161445915664544,0.5733916666666666
养车/用车,超市便利,90,0,39438.0,0.0,0.6144877025935099,0.6573
日用百货,休闲食品,104,0,30732.0,0.0,0.5994798904854858,0.5122
丽人,服饰鞋帽,22,0,56946.5,0.0,0.5969116607602405,0.9491083333333333
医药健康,购物,144,0,28087.0,0.0,0.5872228926010861,0.4681166666666667
鲜花绿植,丽人,36,0,22547.0,0.0,0.5831097175477994,0.37578333333333336
动物园类,餐饮,181,0,30626.0,0.0,0.5828091684370882,0.5104333333333333
植物园,餐饮,34,0,34700.0,0.0,0.5808028215846813,0.5783333333333334
K歌,旅游,27,0,31482.0,0.0,0.5801007347873388,0.5247
宠物,酒店,66,0,39676.5,0.0,0.5790303629264885,0.661275
未知品类,运动健身,643,0,17966.0,0.0,0.5697826088297585,0.29943333333333333
餐饮,鲜花绿植,540,0,33337.5,0.0,0.5651364771616427,0.555625
食材,医药健康,131,0,49257.0,0.0,0.5643145918902672,0.82095
运动健身,医药健康,63,0,65848.0,0.0,0.563655293405184,1.0974666666666666
休闲娱乐,主题乐园,68,0,53873.5,0.0,0.5621650785803107,0.8978916666666666
超市便利,饮品,3964,0,32691.0,0.0,0.533050736357289,0.54485
鲜花绿植,美食,471,0,38552.0,0.0,0.5312028732537725,0.6425333333333333
K歌,饮品,187,0,48424.0,0.0,0.526802159879723,0.8070666666666667
医药健康,美食,2040,0,55197.5,0.0,0.5262099178352768,0.9199583333333333
日用百货,酒水茶饮,45,0,21430.0,0.0,0.5244475511671641,0.3571666666666667
滑雪景区,餐饮,192,0,38404.0,0.0,0.5230236468797997,0.6400666666666667
休闲娱乐,美食,4626,0,41904.0,0.0,0.5229832496243653,0.6984
主题乐园,餐饮,310,0,30764.0,0.0,0.52139530058496,0.5127333333333334
医药健康,休闲娱乐,316,0,40788.5,0.0,0.5191604363526443,0.6798083333333333
未知品类,休闲娱乐,2738,0,21460.0,0.0,0.5188264817636712,0.3576666666666667
餐饮,休闲食品,1658,0,17347.0,0.0,0.5108276874878094,0.2891166666666667
鲜花绿植,休闲食品,25,0,28784.0,0.0,0.5105310740355461,0.47973333333333334
休闲娱乐,酒水茶饮,128,0,24252.5,0.0,0.5080042156880873,0.40420833333333334
酒水茶饮,医药健康,49,0,29446.0,0.0,0.50618836964172,0.4907666666666667
休闲娱乐,人文古迹,35,0,48082.0,0.0,0.5059380303466474,0.8013666666666667
养车/用车,美食,182,0,43858.5,0.0,0.5032295737048506,0.730975
未知品类,亲子,320,0,16615.0,0.0,0.5008915660217657,0.27691666666666664
服饰鞋帽,未知品类,251,242,45331.0,0.9641434262948207,0.5008067301954061,0.7555166666666666
鲜花绿植,饮品,142,0,27128.5,0.0,0.4969147656880255,0.45214166666666666
酒店,宠物,56,0,38917.0,0.0,0.4856731815261366,0.6486166666666666
度假景区,餐饮,51,0,38292.0,0.0,0.48203773093885277,0.6382
美食,酒店,2525,0,54376.0,0.0,0.46727372470779094,0.9062666666666667
饮品,医药健康,446,0,53330.5,0.0,0.4580919045007954,0.8888416666666666
运动健身,饮品,277,0,39555.0,0.0,0.4535338307007777,0.65925
未知品类,动物园类,104,0,27637.0,0.0,0.4506365022810775,0.4606166666666667
购物,食材,116,0,35749.0,0.0,0.4482877061416898,0.5958166666666667
丽人,饮品,582,0,45326.5,0.0,0.44755906659733996,0.7554416666666667
甜点,食材,341,0,42811.0,0.0,0.44594939561863317,0.7135166666666667
购物,美妆日化,67,0,35379.0,0.0,0.4456648169789362,0.58965
美食,鲜花绿植,398,0,43923.0,0.0,0.4448927831199636,0.73205
丽人,美食,1784,0,42378.0,0.0,0.44380539521833373,0.7063
未知品类,展览馆,100,0,17019.5,0.0,0.4408039050030406,0.28365833333333335
K歌,医药健康,28,0,39707.5,0.0,0.43868867116957566,0.6617916666666667
医药健康,亲子,31,0,76668.0,0.0,0.43171872797579897,1.2778
餐饮,旅游,1065,0,27586.0,0.0,0.42947507592421036,0.45976666666666666
医药健康,鲜花绿植,27,0,40878.0,0.0,0.42729961804926747,0.6813
酒店,超市便利,1061,0,51452.0,0.0,0.42514862629071404,0.8575333333333334
亲子,日用百货,24,0,18564.0,0.0,0.4216646530197015,0.3094
酒水茶饮,休闲娱乐,108,0,25324.5,0.0,0.42053174644707375,0.422075
休闲娱乐,饮品,1200,0,43429.5,0.0,0.4191396387925352,0.723825
酒水茶饮,日用百货,37,0,24224.0,0.0,0.41779273172811615,0.40373333333333333
医药健康,数码家电,29,0,38866.0,0.0,0.41684057087850207,0.6477666666666667
美妆日化,休闲食品,56,0,20580.5,0.0,0.4168240771868486,0.34300833333333336
休闲食品,餐饮,1177,0,21156.0,0.0,0.41613698990026,0.3526
超市便利,养车/用车,59,0,39699.0,0.0,0.41488344034483776,0.66165
K歌,美食,453,0,66537.0,0.0,0.4120198151019654,1.10895
酒店,饮品,816,0,46396.0,0.0,0.41125295340846363,0.7732666666666667
运动健身,美食,774,0,41064.0,0.0,0.4094860839076997,0.6844
未知品类,人文古迹,109,0,18555.0,0.0,0.40785240832092595,0.30925
养车/用车,饮品,47,0,40101.0,0.0,0.4075526777874329,0.66835
未知品类,医疗健康,151,0,66331.0,0.0,0.40488365632044254,1.1055166666666667
生活服务,美食,509,0,51796.0,0.0,0.40458491842594296,0.8632666666666666
宠物,美食,457,0,42270.0,0.0,0.4030677163061702,0.7045
未知品类,养车/用车,83,0,53088.0,0.0,0.3977956492596243,0.8848
酒店,美妆日化,96,0,47573.0,0.0,0.39609603838802243,0.7928833333333334
餐饮,水上项目/水上体验,47,0,20267.0,0.0,0.3953603078567494,0.3377833333333333
水果,酒水茶饮,63,0,27659.0,0.0,0.3944904446409714,0.46098333333333336
休闲食品,数码家电,21,0,33775.0,0.0,0.3918045747861411,0.5629166666666666
食材,甜点,332,0,30103.5,0.0,0.3895452715443682,0.501725
饮品,鲜花绿植,106,0,39938.0,0.0,0.3893956977537379,0.6656333333333333
休闲食品,美妆日化,46,0,31363.5,0.0,0.38902831825630774,0.522725
未知品类,丽人,928,0,63153.5,0.0,0.38792668298232563,1.0525583333333333
医药健康,酒水茶饮,42,0,25929.0,0.0,0.38625472608995465,0.43215
展览馆,未知品类,117,98,38558.0,0.8376068376068376,0.3839904202482571,0.6426333333333333
食材,购物,94,0,30507.5,0.0,0.38273108299491415,0.5084583333333333
购物,旅游,63,0,16503.0,0.0,0.38229032473997726,0.27505
餐饮,食材,1475,0,23310.0,0.0,0.38143869891241156,0.3885
动物园类,未知品类,123,108,39908.0,0.8780487804878049,0.38116459559111676,0.6651333333333334
医疗健康,美食,267,0,41275.0,0.0,0.3804454663965334,0.6879166666666666
酒水茶饮,水果,64,0,21671.0,0.0,0.37921312974854654,0.36118333333333336
日用百货,亲子,21,0,50339.0,0.0,0.3767146161307366,0.8389833333333333
酒店,购物,146,0,43835.0,0.0,0.37644004067664755,0.7305833333333334
美食,宠物,381,0,55756.0,0.0,0.3760946198212579,0.9292666666666667
医药健康,食材,98,0,41037.5,0.0,0.3737592828268133,0.6839583333333333
餐饮,医药健康,1267,0,45556.0,0.0,0.3730036237815166,0.7592666666666666
非标住宿,未知品类,146,67,41684.0,0.4589041095890411,0.37263284005493974,0.6947333333333333
未知品类,主题乐园,171,0,39182.0,0.0,0.3697079088396789,0.6530333333333334
温泉景区,餐饮,233,0,34976.0,0.0,0.36551960422731133,0.5829333333333333
食材,餐饮,1330,0,30689.5,0.0,0.3649271246324241,0.5114916666666667
数码家电,休闲食品,20,0,38127.5,0.0,0.35971133776154274,0.6354583333333333
医药健康,运动健身,46,0,53033.0,0.0,0.3595285669359685,0.8838833333333334
数码家电,酒店,36,0,51389.5,0.0,0.3567139863612465,0.8564916666666667
美食,养车/用车,118,0,38476.0,0.0,0.35599829651017467,0.6412666666666667
未知品类,自然景观,149,0,20863.0,0.0,0.3510922191741348,0.3477166666666667
未知品类,生活服务,243,0,157911.0,0.0,0.3493227923378159,2.63185
购物,酒店,134,0,43375.5,0.0,0.34687896545536206,0.722925
数码家电,食材,23,0,35999.0,0.0,0.3450296565996711,0.5999833333333333
水果,医药健康,116,0,55502.5,0.0,0.34502393261343045,0.9250416666666667
丽人,旅游,59,0,38008.0,0.0,0.34055616111856013,0.6334666666666666
日用百货,食材,70,0,19316.0,0.0,0.34021544156356587,0.32193333333333335
未知品类,K歌,221,0,73962.0,0.0,0.33963070331212747,1.2327
饮品,酒水茶饮,157,0,36702.0,0.0,0.3384506368823558,0.6117
未知品类,电影演出赛事,60,0,332870.0,0.0,0.33572007336164567,5.547833333333333
酒店,酒水茶饮,58,0,44439.0,0.0,0.335120398341622,0.74065
宠物,饮品,122,0,36027.0,0.0,0.33422974359800756,0.60045
美食,休闲娱乐,2770,0,41937.0,0.0,0.33157886776373,0.69895
水果,餐饮,1750,0,34244.0,0.0,0.3311541835577431,0.5707333333333333
医药健康,饮品,412,0,46140.5,0.0,0.32877101604580783,0.7690083333333333
数码家电,美食,330,0,39971.0,0.0,0.32496187310345054,0.6661833333333333
休闲娱乐,数码家电,52,0,40895.0,0.0,0.3228470720818796,0.6815833333333333
美妆日化,购物,48,0,41751.5,0.0,0.3225986581920904,0.6958583333333334
酒水茶饮,饮品,171,0,30102.0,0.0,0.32255359105128445,0.5017
宠物,食材,24,0,51093.5,0.0,0.32217609557453253,0.8515583333333333
休闲娱乐,服饰鞋帽,26,0,38437.5,0.0,0.31855169026552294,0.640625
医药健康,K歌,23,0,103229.0,0.0,0.3174515379644109,1.7204833333333334
人文古迹,未知品类,116,88,34114.5,0.7586206896551724,0.3171469091035246,0.568575
食材,日用百货,67,0,21313.0,0.0,0.3157122166160606,0.3552166666666667
生活服务,食材,26,0,52867.0,0.0,0.3136491004897681,0.8811166666666667
餐饮,水果,1849,0,26819.0,0.0,0.31361250899303816,0.44698333333333334
超市便利,酒店,732,0,57903.0,0.0,0.31341218791340253,0.96505
丽人,超市便利,512,0,42616.0,0.0,0.3132048365589445,0.7102666666666667
美食,生活服务,342,0,64223.0,0.0,0.31020688478406316,1.0703833333333332
饮品,酒店,512,0,53938.0,0.0,0.3097278699484785,0.8989666666666667
餐饮,自然景观,222,0,25748.5,0.0,0.3089076291247142,0.42914166666666664
医药健康,餐饮,1119,0,48393.0,0.0,0.30868175385431496,0.80655
甜点,医药健康,206,0,72637.0,0.0,0.30724528133693507,1.2106166666666667
饮品,电影演出赛事,26,0,72958.0,0.0,0.306377141700552,1.2159666666666666
美食,数码家电,300,0,35310.5,0.0,0.3055787955457564,0.5885083333333333
饮品,K歌,95,0,77807.0,0.0,0.30281007775122437,1.2967833333333334
美食,丽人,1137,0,50670.0,0.0,0.300190135346357,0.8445
主题乐园,未知品类,185,145,48802.0,0.7837837837837838,0.2993336557518639,0.8133666666666667
水果,数码家电,30,0,33219.5,0.0,0.2955708391169022,0.5536583333333334
饮品,丽人,342,0,69145.0,0.0,0.2953066185435513,1.1524166666666666
购物,休闲食品,63,0,39023.0,0.0,0.2921733423868299,0.6503833333333333
教育培训,美食,231,0,45485.0,0.0,0.2917136592227211,0.7580833333333333
饮品,食材,323,0,45338.0,0.0,0.2916988394995606,0.7556333333333334
亲子,未知品类,303,52,12849.0,0.1716171617161716,0.29065799194330555,0.21415
酒店,水果,183,0,48727.0,0.0,0.2881385531202726,0.8121166666666667
食材,饮品,362,0,36671.0,0.0,0.2874651822044206,0.6111833333333333
休闲食品,医药健康,51,0,52637.0,0.0,0.2864267887360845,0.8772833333333333
未知品类,教育培训,135,0,20783.0,0.0,0.2852745626026887,0.3463833333333333
运动健身,未知品类,524,83,10560.5,0.15839694656488548,0.28464892108709544,0.17600833333333332
医药健康,休闲食品,62,0,49471.0,0.0,0.2833916111368234,0.8245166666666667
数码家电,水果,29,0,42355.0,0.0,0.2829109080419569,0.7059166666666666
休闲娱乐,日用百货,137,0,33960.0,0.0,0.2823570677208397,0.566
甜点,酒水茶饮,89,0,26918.0,0.0,0.2792225832352663,0.44863333333333333
自然景观,未知品类,160,129,38151.5,0.80625,0.27902476308952506,0.6358583333333333
K歌,超市便利,124,0,70295.5,0.0,0.27856657255769374,1.1715916666666666
运动健身,美妆日化,20,0,59214.0,0.0,0.27792395294758987,0.9869
餐饮,人文古迹,125,0,24173.0,0.0,0.2764870001518571,0.4028833333333333
家居,美食,35,0,26394.0,0.0,0.27643305427791415,0.4399
食材,美妆日化,42,0,28942.5,0.0,0.27624146729960086,0.482375
母婴玩具,休闲娱乐,20,0,25536.5,0.0,0.27306699539937407,0.4256083333333333
运动健身,超市便利,209,0,34001.0,0.0,0.27246672841609004,0.5666833333333333
休闲娱乐,超市便利,974,0,42298.0,0.0,0.2706136089688292,0.7049666666666666
医药健康,水果,108,0,71750.0,0.0,0.2699395656943903,1.1958333333333333
酒水茶饮,酒店,44,0,87737.0,0.0,0.2683938120993024,1.4622833333333334
饮品,休闲娱乐,686,0,52647.0,0.0,0.2683069741850289,0.87745
亲子,饮品,91,0,39887.0,0.0,0.264673930105038,0.6647833333333333
水果,酒店,151,0,41475.0,0.0,0.26407347115436675,0.69125
餐饮,酒水茶饮,428,0,32410.5,0.0,0.2637814460012288,0.540175
酒店,数码家电,29,0,59201.0,0.0,0.2635806248321876,0.9866833333333334
甜点,数码家电,53,0,24173.0,0.0,0.25914639251542215,0.4028833333333333
美食,医疗健康,153,0,37514.0,0.0,0.25913590691399735,0.6252333333333333
美食,K歌,267,0,49784.0,0.0,0.25900549594678807,0.8297333333333333
服饰鞋帽,休闲娱乐,20,0,38146.0,0.0,0.25834640265547254,0.6357666666666667
美食,运动健身,456,0,46208.0,0.0,0.255422844862972,0.7701333333333333
生活服务,饮品,103,0,59391.0,0.0,0.2547418512027286,0.98985
数码家电,饮品,83,0,36358.0,0.0,0.2546309259082815,0.6059666666666667
丽人,甜点,223,0,43372.0,0.0,0.2540182391492269,0.7228666666666667
美食,家居,28,0,24164.0,0.0,0.2535941323556642,0.40273333333333333
餐饮,展览馆,96,0,24536.5,0.0,0.25054723777178756,0.40894166666666665
饮品,运动健身,136,0,52732.0,0.0,0.24991309376834162,0.8788666666666667
医药健康,甜点,211,0,49703.0,0.0,0.2492954839651266,0.8283833333333334
休闲娱乐,未知品类,2142,385,13615.0,0.17973856209150327,0.24855542400285668,0.22691666666666666
饮品,生活服务,83,0,58165.0,0.0,0.24794851093570416,0.9694166666666667
结婚,美食,162,0,35575.0,0.0,0.24560095066890938,0.5929166666666666
饮品,养车/用车,24,0,101374.0,0.0,0.2440989285727912,1.6895666666666667
亲子,美食,257,0,49296.0,0.0,0.24038955705006332,0.8216
休闲食品,购物,45,0,30763.0,0.0,0.238776126098895,0.5127166666666667
K歌,甜点,56,0,45214.5,0.0,0.23593894409068855,0.753575
购物,水果,92,0,37732.0,0.0,0.23374222265564093,0.6288666666666667
教育培训,饮品,59,0,22899.0,0.0,0.23294182739787964,0.38165
超市便利,丽人,381,0,41638.0,0.0,0.23291175585232274,0.6939666666666666
数码家电,休闲娱乐,36,0,23228.5,0.0,0.23074507575324815,0.38714166666666666
医疗健康,超市便利,65,0,30802.0,0.0,0.23006909935664183,0.5133666666666666
酒水茶饮,甜点,82,0,26905.5,0.0,0.22992521696570137,0.448425
饮品,宠物,70,0,46285.0,0.0,0.2281481820700407,0.7714166666666666
休闲娱乐,水果,208,0,48874.5,0.0,0.22691258754466828,0.814575
水果,美妆日化,50,0,35521.0,0.0,0.22599904442565105,0.5920166666666666
未知品类,非标住宿,59,0,85838.0,0.0,0.2254902140047964,1.4306333333333334
亲子,超市便利,97,0,43307.0,0.0,0.224222249160792,0.7217833333333333
酒店,甜点,299,0,50352.0,0.0,0.22307109863377217,0.8392
水果,宠物,23,0,68499.0,0.0,0.2219157727859482,1.14165
宠物,水果,25,0,39325.0,0.0,0.21979100104620922,0.6554166666666666
丽人,水果,91,0,38958.0,0.0,0.21971828815842426,0.6493
结婚,超市便利,58,0,35473.5,0.0,0.21829871962077793,0.591225
超市便利,电影演出赛事,26,0,22965.0,0.0,0.2169728262343949,0.38275
服饰鞋帽,美食,111,0,30243.0,0.0,0.21690763767838728,0.50405
日用百货,水果,68,0,42428.5,0.0,0.21688425103237305,0.7071416666666667
滑雪景区,未知品类,82,65,38101.0,0.7926829268292683,0.21591260140718999,0.6350166666666667
医疗健康,饮品,48,0,31161.5,0.0,0.21477372363338232,0.5193583333333334
医疗健康,甜点,32,0,26530.0,0.0,0.21366534322172043,0.44216666666666665
日用百货,休闲娱乐,101,0,34872.0,0.0,0.2120222201103533,0.5812
丽人,日用百货,46,0,33985.5,0.0,0.21153562204561052,0.566425
未知品类,其他旅游,39,0,45148.0,0.0,0.21113431133964342,0.7524666666666666
餐饮,公园,47,0,30119.0,0.0,0.21055587276662133,0.5019833333333333
美妆日化,酒店,50,0,42483.5,0.0,0.20990930936613056,0.7080583333333333
未知品类,公园,27,0,28274.0,0.0,0.20753451177848856,0.47123333333333334
数码家电,甜点,45,0,31143.0,0.0,0.2059798668369596,0.51905
甜点,服饰鞋帽,21,0,18259.0,0.0,0.2044886725601045,0.3043166666666667
餐饮,超市便利,4711,0,37670.0,0.0,0.20420183748625462,0.6278333333333334
甜点,日用百货,125,0,42635.0,0.0,0.20310496825327992,0.7105833333333333
饮品,亲子,62,0,129045.5,0.0,0.20268628275975217,2.1507583333333335
生活服务,甜点,55,0,97688.0,0.0,0.20262361828666048,1.6281333333333334
甜点,酒店,230,0,71764.5,0.0,0.20199689006003435,1.196075
K歌,水果,22,0,27433.0,0.0,0.20049987599949315,0.45721666666666666
美食,服饰鞋帽,100,0,41806.5,0.0,0.19859726355408833,0.696775
饮品,医疗健康,35,0,36398.0,0.0,0.19771256969866946,0.6066333333333334
未知品类,滑雪景区,56,0,38843.0,0.0,0.19770064235951681,0.6473833333333333
教育培训,超市便利,63,0,44474.0,0.0,0.19760844097468655,0.7412333333333333
美妆日化,水果,48,0,24344.0,0.0,0.19727299031402307,0.40573333333333333
休闲娱乐,美妆日化,68,0,35419.5,0.0,0.19534693850281068,0.590325
酒水茶饮,餐饮,299,0,36041.0,0.0,0.19477990669874595,0.6006833333333333
美食,电影演出赛事,55,0,67068.0,0.0,0.19469541176391114,1.1178
水果,购物,69,0,32711.0,0.0,0.1945289215893773,0.5451833333333334
未知品类,结婚,79,0,20397.0,0.0,0.19442393242708372,0.33995
超市便利,餐饮,4164,0,45195.5,0.0,0.19386072207473595,0.7532583333333334
母婴玩具,美食,93,0,34016.0,0.0,0.1924205574988827,0.5669333333333333
超市便利,休闲娱乐,693,0,37811.0,0.0,0.1919480395491276,0.6301833333333333
甜点,K歌,41,0,83730.0,0.0,0.19187489916375167,1.3955
休闲娱乐,甜点,370,0,44235.5,0.0,0.19126024826026916,0.7372583333333333
丽人,酒水茶饮,21,0,45648.0,0.0,0.1905751911823371,0.7608
超市便利,亲子,82,0,34806.5,0.0,0.18910842893879004,0.5801083333333333
甜点,结婚,25,0,64820.0,0.0,0.18868961054698088,1.0803333333333334
超市便利,结婚,51,0,38017.0,0.0,0.18452583835437697,0.6336166666666667
酒店,日用百货,61,0,59866.0,0.0,0.18297110552529464,0.9977666666666667
未知品类,购物,387,0,57353.0,0.0,0.18174165460726374,0.9558833333333333
美食,母婴玩具,80,0,51888.5,0.0,0.181460993061287,0.8648083333333333
宠物,甜点,44,0,32597.5,0.0,0.18062904104856967,0.5432916666666666
甜点,丽人,143,0,51673.0,0.0,0.1795607187900286,0.8612166666666666
运动健身,甜点,73,0,49187.0,0.0,0.17833298957605398,0.8197833333333333
美妆日化,食材,28,0,30436.0,0.0,0.17798618400015048,0.5072666666666666
日用百货,美食,541,0,49090.0,0.0,0.17735939167064682,0.8181666666666667
甜点,宠物,37,0,87818.0,0.0,0.1768528418878326,1.4636333333333333
甜点,生活服务,40,0,72100.0,0.0,0.17528140980036339,1.2016666666666667
超市便利,医疗健康,44,0,60657.5,0.0,0.1750222568477104,1.0109583333333334
甜点,医疗健康,21,0,42001.0,0.0,0.17499443717191734,0.7000166666666666
美食,美妆日化,369,0,59079.0,0.0,0.17458019702809888,0.98465
亲子,甜点,40,0,69782.5,0.0,0.1742377578251023,1.1630416666666668
饮品,日用百货,153,0,46260.0,0.0,0.1713961018216753,0.771
电影演出赛事,美食,47,0,209671.0,0.0,0.17085506067660652,3.4945166666666667
超市便利,K歌,75,0,55784.0,0.0,0.16977028191572208,0.9297333333333333
餐饮,其他旅游,53,0,43253.0,0.0,0.16868886259508648,0.7208833333333333
美食,日用百货,488,0,46460.0,0.0,0.16674935875191696,0.7743333333333333
食材,酒店,65,0,61083.0,0.0,0.16622988773032507,1.01805
甜点,休闲娱乐,291,0,57582.0,0.0,0.16516874102942913,0.9597
母婴玩具,饮品,25,0,18678.0,0.0,0.16433285883448298,0.3113
养车/用车,未知品类,57,11,13191.0,0.19298245614035087,0.16366501458515198,0.21985
美食,结婚,105,0,41839.0,0.0,0.16273681682770022,0.6973166666666667
水果,休闲娱乐,143,0,38726.0,0.0,0.16182886272780098,0.6454333333333333
美食,教育培训,121,0,36172.0,0.0,0.16166059990457735,0.6028666666666667
服饰鞋帽,饮品,26,0,26343.5,0.0,0.16145371171204598,0.43905833333333333
日用百货,酒店,49,0,44232.0,0.0,0.16067152157842285,0.7372
水果,日用百货,49,0,39125.0,0.0,0.160128446093802,0.6520833333333333
美妆日化,休闲娱乐,59,0,59975.0,0.0,0.15974419230863382,0.9995833333333334
甜点,亲子,33,0,75715.0,0.0,0.15842820729500334,1.2619166666666666
主题乐园,美食,99,0,55419.0,0.0,0.15683024161732473,0.92365
日用百货,饮品,154,0,38621.0,0.0,0.15660803837202927,0.6436833333333334
丽人,食材,42,0,57043.5,0.0,0.156553788337463,0.950725
餐饮,滑雪景区,75,0,26558.0,0.0,0.15600576319283957,0.4426333333333333
丽人,未知品类,604,177,17725.5,0.29304635761589404,0.15435564814266903,0.295425
餐饮,动物园类,59,0,24872.0,0.0,0.15239900940678916,0.4145333333333333
超市便利,运动健身,116,0,30417.5,0.0,0.1511483084805347,0.5069583333333333
餐饮,非标住宿,66,0,33928.0,0.0,0.14902017755665806,0.5654666666666667
酒店,食材,61,0,49315.0,0.0,0.14801031531545053,0.8219166666666666
美妆日化,美食,352,0,38606.5,0.0,0.14795247371497203,0.6434416666666667
甜点,美妆日化,65,0,54148.0,0.0,0.14720815829664666,0.9024666666666666
医药健康,旅游,24,0,28383.5,0.0,0.1471428512932163,0.47305833333333336
教育培训,未知品类,113,19,16616.0,0.168141592920354,0.14709111004780906,0.2769333333333333
饮品,教育培训,33,0,37950.0,0.0,0.1470442946683653,0.6325
美食,亲子,148,0,41272.0,0.0,0.14687408388812837,0.6878666666666666
日用百货,甜点,97,0,36486.0,0.0,0.14626604065650606,0.6081
自然景观,超市便利,34,0,49451.0,0.0,0.14515395051448182,0.8241833333333334
K歌,未知品类,153,57,25953.0,0.37254901960784315,0.1434153921718209,0.43255
非标住宿,餐饮,53,0,68601.0,0.0,0.1426007039916585,1.14335
饮品,数码家电,42,0,33236.5,0.0,0.1424787449169799,0.5539416666666667
日用百货,丽人,30,0,39414.0,0.0,0.14205179827208952,0.6569
水果,运动健身,26,0,42507.0,0.0,0.14172630783987103,0.70845
美妆日化,甜点,73,0,35705.0,0.0,0.1414626439812048,0.5950833333333333
服饰鞋帽,餐饮,67,0,36319.0,0.0,0.1407805464013829,0.6053166666666666
餐饮,主题乐园,109,0,22871.0,0.0,0.13993192377615044,0.3811833333333333
结婚,饮品,29,0,45450.0,0.0,0.13956969886032333,0.7575
滑雪景区,美食,54,0,57051.5,0.0,0.13942793431286202,0.9508583333333334
水果,丽人,55,0,57616.0,0.0,0.13873478105473047,0.9602666666666667
母婴玩具,餐饮,62,0,48771.0,0.0,0.13786088951900127,0.81285
数码家电,餐饮,129,0,43021.0,0.0,0.1364346495922968,0.7170166666666666
美食,购物,458,0,53115.0,0.0,0.13581747531508032,0.88525
自然景观,饮品,25,0,41522.0,0.0,0.13558288588190892,0.6920333333333333
美妆日化,饮品,102,0,31235.5,0.0,0.13329449012212002,0.5205916666666667
休闲食品,酒店,40,0,44992.0,0.0,0.1330491100566028,0.7498666666666667
医疗健康,未知品类,90,24,23777.0,0.26666666666666666,0.13255978939792942,0.3962833333333333
饮品,美妆日化,85,0,90738.0,0.0,0.13243921945468304,1.5123
超市便利,教育培训,42,0,46629.0,0.0,0.13170028140195622,0.77715
购物,甜点,108,0,42278.5,0.0,0.1300826040596894,0.7046416666666667
公园,美食,24,0,31943.0,0.0,0.13002962380216143,0.5323833333333333
食材,丽人,35,0,44531.0,0.0,0.1292956210950841,0.7421833333333333
餐饮,服饰鞋帽,68,0,27659.0,0.0,0.1271084980106625,0.46098333333333336
餐饮,数码家电,132,0,35719.0,0.0,0.1264975079845574,0.5953166666666667
购物,美食,481,0,39930.0,0.0,0.12611804698042792,0.6655
其他旅游,未知品类,32,26,46729.0,0.8125,0.1251403542693762,0.7788166666666667
自然景观,美食,73,0,39077.0,0.0,0.12497864096756303,0.6512833333333333
购物,饮品,152,0,53571.0,0.0,0.1236087108239711,0.89285
甜点,购物,87,0,42776.0,0.0,0.12308930750228084,0.7129333333333333
公园,未知品类,22,19,34225.5,0.8636363636363636,0.12275605620927842,0.570425
未知品类,温泉景区,62,0,46728.0,0.0,0.12251786081117606,0.7788
运动健身,水果,23,0,49655.0,0.0,0.12180712947989872,0.8275833333333333
餐饮,母婴玩具,57,0,29772.0,0.0,0.12173062946612871,0.4962
人文古迹,美食,45,0,53405.0,0.0,0.12151213710016272,0.8900833333333333
休闲娱乐,食材,72,0,41131.5,0.0,0.12082363808999694,0.685525
饮品,结婚,23,0,33035.0,0.0,0.1202585877250073,0.5505833333333333
饮品,购物,121,0,45783.0,0.0,0.11782235644825372,0.76305
甜点,运动健身,43,0,43656.0,0.0,0.11624944888735875,0.7276
日用百货,餐饮,324,0,36476.0,0.0,0.11368814408935207,0.6079333333333333
温泉景区,未知品类,73,59,36508.0,0.8082191780821918,0.11095897064678707,0.6084666666666667
餐饮,温泉景区,92,0,25753.0,0.0,0.10703741936131775,0.4292166666666667
主题乐园,饮品,21,0,48016.0,0.0,0.10653196554938889,0.8002666666666667
酒店,休闲食品,36,0,46831.5,0.0,0.10524262358407489,0.780525
餐饮,日用百货,314,0,38750.5,0.0,0.10063278153416913,0.6458416666666666
食材,休闲娱乐,60,0,36566.5,0.0,0.09938190444494302,0.6094416666666667
未知品类,旅游,139,0,306551.0,0.0,0.0953048430970098,5.109183333333333
结婚,未知品类,60,9,18138.0,0.15,0.09431593361836958,0.3023
生活服务,未知品类,110,37,26050.5,0.33636363636363636,0.09035980527592453,0.434175
展览馆,美食,27,0,68977.0,0.0,0.08879399985037385,1.1496166666666667
旅游,酒店,26,0,88774.0,0.0,0.0886074082921325,1.4795666666666667
动物园类,美食,28,0,38209.5,0.0,0.08687125051301997,0.636825
餐饮,美妆日化,188,0,46797.0,0.0,0.08354657856905295,0.77995
美食,旅游,190,0,44662.0,0.0,0.082137318000024,0.7443666666666666
其他旅游,美食,20,0,88694.0,0.0,0.07760504248495202,1.4782333333333333
购物,未知品类,281,88,26846.0,0.31316725978647686,0.07571677378713017,0.44743333333333335
休闲食品,休闲娱乐,32,0,72407.0,0.0,0.06927146315617498,1.2067833333333333
美食,非标住宿,28,0,32458.0,0.0,0.06884852840544745,0.5409666666666667
饮品,旅游,48,0,37941.5,0.0,0.0687746100646049,0.6323583333333334
休闲娱乐,休闲食品,33,0,79774.0,0.0,0.06704981950390605,1.3295666666666666
超市便利,旅游,60,0,27011.5,0.0,0.06063325420505463,0.45019166666666666
美妆日化,餐饮,129,0,49571.0,0.0,0.05824622582177805,0.8261833333333334
美食,自然景观,35,0,38931.0,0.0,0.05322953375811363,0.64885
甜点,旅游,23,0,42709.0,0.0,0.048788007388317366,0.7118166666666667
温泉景区,美食,30,0,45260.5,0.0,0.04529805964808127,0.7543416666666667
旅游,餐饮,24,0,51539.5,0.0,0.008931187194752575,0.8589916666666667
