first_cate_name_src,first_cate_name_dst,pair_count,order_count,median_lag_ms,ccr,lift_smoothed,median_lag_min
展览馆,人文街区,32,0,49735.5,0.0,61.12790276845667,0.828925
主题乐园,影视基地,26,0,50933.0,0.0,36.58619714689629,0.8488833333333333
旅游,温泉景区,1603,0,891.0,0.0,33.91089636800299,0.01485
其他旅游,植物园,27,0,49050.0,0.0,32.443700079564984,0.8175
其他旅游,地标建筑,26,0,25025.0,0.0,32.01497975708502,0.4170833333333333
旅游,主题乐园,1735,0,1008.0,0.0,31.895585539391075,0.0168
动物园类,植物园,32,0,60860.0,0.0,31.66964810167138,1.0143333333333333
旅游,滑雪景区,911,0,834.0,0.0,30.345598679504757,0.0139
主题乐园,动物园类,244,0,37689.0,0.0,30.312277778429696,0.62815
温泉景区,旅游,775,0,17868.0,0.0,30.266693390088793,0.2978
展览馆,人文古迹,145,0,35050.0,0.0,30.02257692067653,0.5841666666666666
旅游,地标建筑,193,0,888.0,0.0,29.714951478877335,0.0148
旅游,度假景区,319,0,949.0,0.0,29.675693009999517,0.015816666666666666
自然景观,植物园,48,0,59226.0,0.0,29.648603296811764,0.9871
地标建筑,其他旅游,26,0,42514.5,0.0,29.072426470588237,0.708575
旅游,动物园类,857,0,940.0,0.0,28.683826961118104,0.015666666666666666
自然景观,人文古迹,253,0,36144.0,0.0,28.084776334776336,0.6024
动物园类,主题乐园,237,0,39351.0,0.0,28.036961072500958,0.65585
教育培训,运动健身,1016,0,20618.5,0.0,27.859813929125952,0.3436416666666667
植物园,展览馆,29,0,29706.0,0.0,27.786289047401524,0.4951
公园,自然景观,133,0,38271.0,0.0,27.402135212910995,0.63785
人文古迹,展览馆,138,0,38404.0,0.0,26.979926510114062,0.6400666666666667
滑雪景区,旅游,465,0,16774.0,0.0,26.748882178055574,0.2795666666666667
非标住宿,酒店,1210,0,36709.0,0.0,26.708561625143254,0.6118166666666667
动物园类,展览馆,128,0,70611.5,0.0,26.531557962250606,1.1768583333333333
展览馆,地标建筑,22,0,39386.5,0.0,26.485670598514634,0.6564416666666667
人文古迹,自然景观,228,0,43131.5,0.0,26.213714209282006,0.7188583333333334
运动健身,教育培训,1007,0,20314.0,0.0,26.145257333745572,0.3385666666666667
植物园,其他旅游,24,0,82643.0,0.0,26.01559415712594,1.3773833333333334
生活服务,养车/用车,294,0,19931.0,0.0,25.99317904708898,0.33218333333333333
人文古迹,地标建筑,27,0,43108.0,0.0,25.95119549929677,0.7184666666666667
地标建筑,展览馆,26,0,47189.0,0.0,25.87598167539267,0.7864833333333333
其他旅游,度假景区,35,0,48867.0,0.0,25.844585071309805,0.81445
人文古迹,公园,89,0,61112.0,0.0,25.60037553821749,1.0185333333333333
主题乐园,旅游,838,0,18315.0,0.0,25.426127796316894,0.30525
旅游,其他旅游,697,0,878.0,0.0,25.155895854768193,0.014633333333333333
自然景观,人文街区,24,0,62620.5,0.0,24.900479324071817,1.043675
水上项目/水上体验,其他旅游,36,0,44445.5,0.0,24.754946379846437,0.7407583333333333
自然景观,水上项目/水上体验,68,0,50301.5,0.0,24.20636964546313,0.8383583333333333
自然景观,其他旅游,165,0,34411.0,0.0,24.18490790255496,0.5735166666666667
旅游,自然景观,1277,0,997.0,0.0,24.176748305487322,0.016616666666666665
其他旅游,人文古迹,113,0,46879.0,0.0,24.13827838827839,0.7813166666666667
旅游,人文古迹,879,0,1071.0,0.0,24.069548326042025,0.01785
植物园,自然景观,43,0,72450.0,0.0,24.034167677476578,1.2075
旅游,影视基地,64,0,926.0,0.0,23.79929986602489,0.015433333333333334
地标建筑,人文古迹,28,0,47511.5,0.0,23.698257688492067,0.7918583333333333
公园,人文古迹,79,0,44768.0,0.0,23.65308686288586,0.7461333333333333
展览馆,植物园,20,0,66504.0,0.0,23.631174730299136,1.1084
其他旅游,自然景观,160,0,38402.5,0.0,23.578115094875297,0.6400416666666666
展览馆,其他旅游,86,0,42256.5,0.0,23.572924215557784,0.704275
自然景观,公园,123,0,43468.0,0.0,23.564132372316514,0.7244666666666667
展览馆,动物园类,92,0,45643.0,0.0,23.374514359326184,0.7607166666666667
旅游,植物园,155,0,1033.0,0.0,23.349671399500636,0.01721666666666667
其他旅游,展览馆,93,0,59483.0,0.0,23.342316053255704,0.9913833333333333
动物园类,公园,76,0,68036.5,0.0,23.208209299400444,1.1339416666666666
动物园类,旅游,441,0,18762.0,0.0,23.20657108107645,0.3127
酒店,非标住宿,1302,0,21665.5,0.0,23.126845808972668,0.36109166666666664
养车/用车,生活服务,247,0,19913.0,0.0,23.073557944984465,0.3318833333333333
植物园,人文古迹,28,0,95494.5,0.0,22.90301414189837,1.591575
旅游,公园,485,0,979.0,0.0,22.846204158622168,0.016316666666666667
其他旅游,公园,60,0,61901.5,0.0,22.1985082714656,1.0316916666666667
旅游,展览馆,687,0,1044.0,0.0,22.069289812131057,0.0174
旅游,水上项目/水上体验,253,0,905.0,0.0,22.04257374385924,0.015083333333333334
动物园类,度假景区,36,0,46569.5,0.0,22.00015489630219,0.7761583333333333
主题乐园,植物园,38,0,97782.0,0.0,21.60346747924766,1.6297
其他旅游,旅游,337,0,21042.0,0.0,21.426362841970825,0.3507
地标建筑,旅游,86,0,17089.5,0.0,21.28472222222222,0.284825
展览馆,公园,59,0,55013.0,0.0,21.20502927936232,0.9168833333333334
影视基地,主题乐园,21,0,46752.0,0.0,21.142837697747648,0.7792
主题乐园,人文街区,22,0,133904.0,0.0,20.972308224509213,2.231733333333333
主题乐园,其他旅游,156,0,51977.0,0.0,20.94048323845667,0.8662833333333333
自然景观,游玩,23,0,35194.0,0.0,20.881413668298915,0.5865666666666667
其他旅游,水上项目/水上体验,30,0,37350.0,0.0,20.826028170593553,0.6225
影视基地,自然景观,20,0,46712.0,0.0,20.780025051899475,0.7785333333333333
人文古迹,其他旅游,94,0,61973.5,0.0,20.717340944816744,1.0328916666666668
结婚,生活服务,389,0,32526.0,0.0,20.640122250441742,0.5421
主题乐园,度假景区,59,0,59007.0,0.0,20.592298427785554,0.98345
度假景区,旅游,143,0,21705.0,0.0,20.55968975998323,0.36175
水上项目/水上体验,自然景观,57,0,46220.0,0.0,20.369057278489024,0.7703333333333333
动物园类,其他旅游,87,0,62622.0,0.0,20.334811957569915,1.0437
植物园,动物园类,20,0,52128.0,0.0,20.27115412315888,0.8688
自然景观,旅游,608,0,18644.5,0.0,20.159736903922948,0.3107416666666667
公园,其他旅游,50,0,40380.5,0.0,19.86859296482412,0.6730083333333333
水上项目/水上体验,旅游,129,0,23240.0,0.0,19.762179320264355,0.3873333333333333
展览馆,旅游,319,0,17817.0,0.0,19.70041628377598,0.29695
度假景区,其他旅游,30,0,60524.0,0.0,19.479802133619405,1.0087333333333333
其他旅游,动物园类,74,0,41486.5,0.0,19.410076244140306,0.6914416666666666
人文古迹,旅游,390,0,22992.0,0.0,19.37395929320853,0.3832
自然景观,度假景区,50,0,47395.0,0.0,19.11934684891294,0.7899166666666667
植物园,主题乐园,35,0,74565.0,0.0,19.098213063767783,1.24275
度假景区,主题乐园,58,0,51066.5,0.0,18.900415517683506,0.8511083333333334
度假景区,公园,22,0,100478.5,0.0,18.851421419631684,1.6746416666666666
公园,旅游,210,0,20730.0,0.0,18.677150118408132,0.3455
度假景区,人文古迹,38,0,53625.5,0.0,18.59894702561876,0.8937583333333333
度假景区,自然景观,55,0,46332.0,0.0,18.471133379466202,0.7722
公园,展览馆,52,0,93613.5,0.0,18.37758162540451,1.560225
动物园类,水上项目/水上体验,32,0,96968.0,0.0,18.361816746389263,1.6161333333333334
其他旅游,主题乐园,127,0,50241.0,0.0,18.20568398821308,0.83735
主题乐园,地标建筑,31,0,50403.0,0.0,18.139526881720432,0.84005
主题乐园,滑雪景区,141,0,29517.0,0.0,17.48605732171638,0.49195
主题乐园,公园,99,0,47887.0,0.0,17.397244451777908,0.7981166666666667
生活服务,结婚,380,0,25826.0,0.0,16.966955270063597,0.43043333333333333
温泉景区,水上项目/水上体验,40,0,70855.5,0.0,16.947284318745105,1.180925
水上项目/水上体验,动物园类,26,0,50617.0,0.0,16.756737666300545,0.8436166666666667
公园,主题乐园,83,0,38796.0,0.0,16.682944912487265,0.6466
主题乐园,展览馆,139,0,49149.0,0.0,16.619985362832857,0.81915
植物园,旅游,67,0,28546.0,0.0,16.07806834837615,0.47576666666666667
主题乐园,人文古迹,157,0,43869.0,0.0,15.993556067588328,0.73115
家居,生活服务,67,0,79898.0,0.0,15.878322523092613,1.3316333333333332
人文古迹,度假景区,27,0,62146.0,0.0,15.712126437515701,1.0357666666666667
自然景观,展览馆,119,0,37286.0,0.0,15.560844042519436,0.6214333333333333
公园,动物园类,42,0,51525.0,0.0,15.539277873543783,0.85875
生活服务,家居,65,0,51488.0,0.0,15.422238080568771,0.8581333333333333
水上项目/水上体验,温泉景区,38,0,83078.0,0.0,15.306482989049472,1.3846333333333334
人文古迹,动物园类,74,0,48117.0,0.0,15.171800102223594,0.80195
展览馆,自然景观,102,0,45097.5,0.0,14.649206535058303,0.751625
温泉景区,度假景区,32,0,40280.0,0.0,14.576474738184764,0.6713333333333333
家居,结婚,36,0,109741.0,0.0,14.453444145497281,1.8290166666666667
主题乐园,水上项目/水上体验,44,0,87548.5,0.0,14.452526729416066,1.4591416666666666
动物园类,人文古迹,80,0,71884.0,0.0,14.205071055993187,1.1980666666666666
动物园类,自然景观,116,0,39149.5,0.0,14.191425454594539,0.6524916666666667
结婚,家居,29,0,126695.0,0.0,13.936937722895037,2.1115833333333334
滑雪景区,主题乐园,107,0,53045.0,0.0,13.909411388194213,0.8840833333333333
游玩,旅游,48,0,47253.0,0.0,13.893475797312611,0.78755
影视基地,旅游,31,0,18849.0,0.0,13.70645983998882,0.31415
滑雪景区,自然景观,102,0,44662.0,0.0,13.658669555498353,0.7443666666666666
度假景区,展览馆,23,0,84668.0,0.0,13.42300163910947,1.4111333333333334
度假景区,动物园类,22,0,110490.0,0.0,13.406521962670041,1.8415
自然景观,动物园类,98,0,45347.0,0.0,13.379410694798109,0.7557833333333334
水上项目/水上体验,人文古迹,25,0,77543.0,0.0,13.201841578055172,1.2923833333333334
水上项目/水上体验,展览馆,21,0,137496.0,0.0,13.100820639681007,2.2916
旅游,游玩,58,0,84366.0,0.0,12.698390622084762,1.4061
主题乐园,自然景观,180,0,56905.5,0.0,12.672091262832176,0.948425
服饰鞋帽,美妆日化,360,0,37887.0,0.0,12.641897193502778,0.63145
家居,教育培训,36,0,213760.0,0.0,12.624009464612548,3.562666666666667
滑雪景区,公园,37,0,87128.0,0.0,12.521764132908986,1.4521333333333333
展览馆,主题乐园,89,0,48316.0,0.0,12.43177696156138,0.8052666666666667
度假景区,温泉景区,32,0,44312.0,0.0,12.164305746967303,0.7385333333333334
教育培训,家居,31,0,211631.0,0.0,12.1376997376723,3.5271833333333333
人文古迹,主题乐园,108,0,46984.0,0.0,12.118068384460562,0.7830666666666667
人文古迹,水上项目/水上体验,22,0,79512.5,0.0,12.07765067753593,1.3252083333333333
自然景观,滑雪景区,88,0,39734.5,0.0,11.971342680973382,0.6622416666666666
自然景观,主题乐园,155,0,43864.0,0.0,11.586638072043911,0.7310666666666666
服饰鞋帽,日用百货,440,0,32497.0,0.0,11.522508420101666,0.5416166666666666
结婚,丽人,681,0,31070.0,0.0,11.44327789051198,0.5178333333333334
水上项目/水上体验,主题乐园,32,0,56399.5,0.0,11.255653078574396,0.9399916666666667
美妆日化,服饰鞋帽,384,0,38622.5,0.0,11.253375220255647,0.6437083333333333
主题乐园,亲子,229,0,39760.0,0.0,11.09756131045813,0.6626666666666666
温泉景区,酒店,829,0,19868.0,0.0,10.938786096406147,0.33113333333333334
温泉景区,非标住宿,53,0,52682.0,0.0,10.72006416737744,0.8780333333333333
滑雪景区,教育培训,78,0,35774.0,0.0,10.682773551124265,0.5962333333333333
日用百货,服饰鞋帽,434,0,34386.5,0.0,10.353308568580427,0.5731083333333333
购物,电影演出赛事,299,0,15590.0,0.0,10.273489416267495,0.25983333333333336
滑雪景区,其他旅游,39,0,58751.0,0.0,10.105283335330059,0.9791833333333333
公园,滑雪景区,27,0,87839.0,0.0,10.07097398651476,1.4639833333333334
温泉景区,自然景观,110,0,50770.0,0.0,10.001788974606473,0.8461666666666666
丽人,结婚,643,0,31334.0,0.0,9.803184643983773,0.5222333333333333
母婴玩具,日用百货,349,0,28783.0,0.0,9.790462776630067,0.4797166666666667
其他旅游,滑雪景区,37,0,42371.0,0.0,9.788150541228022,0.7061833333333334
动物园类,亲子,116,0,68491.5,0.0,9.780386559571609,1.141525
亲子,母婴玩具,128,0,23301.5,0.0,9.67718029342796,0.38835833333333336
动物园类,滑雪景区,44,0,45181.0,0.0,9.600337667579272,0.7530166666666667
日用百货,母婴玩具,329,0,31222.0,0.0,9.508370149222406,0.5203666666666666
结婚,教育培训,119,0,118728.0,0.0,9.279589936402825,1.9788
滑雪景区,人文古迹,47,0,57801.0,0.0,9.20302589467559,0.96335
结婚,养车/用车,51,0,52140.0,0.0,9.109265556210172,0.869
日用百货,美妆日化,1427,0,29753.0,0.0,8.830885190345917,0.49588333333333334
美妆日化,日用百货,1536,0,32044.5,0.0,8.709344316186192,0.534075
亲子,主题乐园,213,0,42478.0,0.0,8.655858623673467,0.7079666666666666
非标住宿,温泉景区,50,0,90839.0,0.0,8.594251805480836,1.5139833333333332
滑雪景区,展览馆,37,0,176974.0,0.0,8.544519678826202,2.9495666666666667
教育培训,亲子,197,0,44019.0,0.0,8.448843748274927,0.73365
滑雪景区,动物园类,35,0,47878.0,0.0,8.4363860511395,0.7979666666666667
丽人,医疗健康,463,0,52481.0,0.0,8.411512817393282,0.8746833333333334
亲子,教育培训,196,0,39620.5,0.0,8.366321351546345,0.6603416666666667
亲子,滑雪景区,113,0,66850.0,0.0,8.350668537731824,1.1141666666666667
滑雪景区,亲子,90,0,35399.5,0.0,8.31653779955788,0.5899916666666667
医疗健康,医药健康,448,0,31369.0,0.0,8.315202421325385,0.5228166666666667
教育培训,结婚,112,0,87590.0,0.0,8.168462627621645,1.4598333333333333
服饰鞋帽,母婴玩具,49,0,41391.0,0.0,8.158140220104821,0.68985
其他,购物,32,0,18785.5,0.0,8.11967266673927,0.31309166666666666
温泉景区,滑雪景区,50,0,50806.0,0.0,8.082742081304678,0.8467666666666667
教育培训,滑雪景区,73,0,36455.0,0.0,8.058749275955895,0.6075833333333334
滑雪景区,温泉景区,52,0,63511.5,0.0,7.854434338450985,1.058525
医疗健康,丽人,495,0,78722.0,0.0,7.819652915333442,1.3120333333333334
滑雪景区,运动健身,132,0,58315.0,0.0,7.803294269529119,0.9719166666666667
电影演出赛事,展览馆,27,0,67156.0,0.0,7.767128837906812,1.1192666666666666
自然景观,温泉景区,89,0,42853.0,0.0,7.691825083129431,0.7142166666666667
展览馆,电影演出赛事,20,0,22607.0,0.0,7.604581385955802,0.37678333333333336
日用百货,数码家电,574,0,29398.0,0.0,7.600417880880781,0.48996666666666666
温泉景区,其他旅游,43,0,73257.0,0.0,7.553090962374433,1.22095
母婴玩具,亲子,111,0,21479.0,0.0,7.485474777540238,0.3579833333333333
人文古迹,滑雪景区,36,0,46819.5,0.0,7.449525965713098,0.780325
酒店,温泉景区,821,0,17941.0,0.0,7.400528923489202,0.29901666666666665
温泉景区,公园,32,0,72437.5,0.0,7.388893332757597,1.2072916666666667
数码家电,日用百货,536,0,29154.5,0.0,7.318828679907117,0.48590833333333333
母婴玩具,服饰鞋帽,48,0,31935.0,0.0,7.0703633604166924,0.53225
亲子,动物园类,95,0,55838.0,0.0,7.065396871961954,0.9306333333333333
展览馆,滑雪景区,27,0,95457.0,0.0,7.004364607484272,1.59095
母婴玩具,美妆日化,183,0,29717.0,0.0,6.898419597429949,0.49528333333333335
亲子,旅游,379,0,30320.0,0.0,6.850380617545903,0.5053333333333333
丽人,教育培训,513,0,38071.0,0.0,6.83392797497108,0.6345166666666666
电影演出赛事,K歌,56,0,125394.0,0.0,6.726116103904825,2.0899
自然景观,酒店,596,0,37217.0,0.0,6.677742682439497,0.6202833333333333
旅游,人文街区,26,0,75661.5,0.0,6.6524172073438095,1.261025
教育培训,丽人,483,0,38247.0,0.0,6.630583342417052,0.63745
亲子,结婚,135,0,31498.0,0.0,6.612737162889489,0.5249666666666667
K歌,休闲娱乐,1643,0,35207.0,0.0,6.603793505154117,0.5867833333333333
亲子,公园,62,0,109694.5,0.0,6.519793734358881,1.8282416666666668
公园,亲子,45,0,41392.0,0.0,6.482871871059083,0.6898666666666666
温泉景区,人文古迹,48,0,41782.0,0.0,6.383649321893164,0.6963666666666667
其他旅游,温泉景区,38,0,68538.0,0.0,6.382865376000387,1.1423
数码家电,家居,21,0,48315.0,0.0,6.368108467230501,0.80525
运动健身,滑雪景区,141,0,40749.0,0.0,6.352853078051502,0.67915
丽人,休闲娱乐,4890,0,31622.0,0.0,6.328579698999991,0.5270333333333334
电影演出赛事,购物,157,0,48507.0,0.0,6.310025504406455,0.80845
休闲娱乐,丽人,4962,0,30746.5,0.0,6.279461777248202,0.5124416666666667
养车/用车,结婚,39,0,50340.0,0.0,6.2258233851600835,0.839
结婚,亲子,118,0,40046.0,0.0,6.219260425102549,0.6674333333333333
教育培训,养车/用车,42,0,95295.5,0.0,6.150193523461837,1.5882583333333333
度假景区,酒店,125,0,32210.0,0.0,6.078723532373557,0.5368333333333334
购物,其他,21,0,50855.0,0.0,6.014504766209824,0.8475833333333334
休闲娱乐,K歌,1456,0,33045.0,0.0,6.009707292682945,0.55075
医药健康,医疗健康,338,0,32512.0,0.0,5.8809787234303945,0.5418666666666667
医疗健康,休闲娱乐,830,0,34629.5,0.0,5.876105790635006,0.5771583333333333
K歌,电影演出赛事,56,0,82541.5,0.0,5.874333476432102,1.3756916666666668
休闲娱乐,医疗健康,734,0,31507.5,0.0,5.84380622353713,0.525125
生活服务,购物,616,0,23557.5,0.0,5.745247502892317,0.392625
人文古迹,酒店,342,0,33758.5,0.0,5.742797823804156,0.5626416666666667
运动健身,丽人,1013,0,32870.0,0.0,5.706750352305232,0.5478333333333333
电影演出赛事,休闲娱乐,348,0,72621.0,0.0,5.666072025431948,1.21035
丽人,运动健身,976,0,28732.0,0.0,5.636003507737573,0.47886666666666666
温泉景区,主题乐园,63,0,49191.0,0.0,5.600779892858799,0.81985
K歌,运动健身,310,0,80868.5,0.0,5.569550686915751,1.3478083333333333
动物园类,温泉景区,40,0,77563.5,0.0,5.557658861293929,1.292725
温泉景区,休闲娱乐,618,0,34218.5,0.0,5.53518865863031,0.5703083333333333
人文古迹,温泉景区,42,0,41100.5,0.0,5.500844949569954,0.6850083333333333
水上项目/水上体验,酒店,106,0,44399.0,0.0,5.496206516416148,0.7399833333333333
美妆日化,母婴玩具,154,0,35000.0,0.0,5.484739527412253,0.5833333333333334
旅游,亲子,415,0,54612.0,0.0,5.423633892010551,0.9102
医疗健康,生活服务,107,0,48322.0,0.0,5.37045576975482,0.8053666666666667
购物,数码家电,482,0,20264.5,0.0,5.368077337649905,0.33774166666666666
生活服务,医疗健康,100,0,32220.5,0.0,5.356426231058415,0.5370083333333333
购物,家居,64,0,29628.0,0.0,5.355687925201742,0.4938
休闲娱乐,电影演出赛事,364,0,26770.0,0.0,5.314297490650991,0.44616666666666666
公园,温泉景区,22,0,72076.5,0.0,5.256241525085746,1.201275
其他旅游,亲子,51,0,56389.0,0.0,5.248274609064866,0.9398166666666666
数码家电,美妆日化,286,0,32747.5,0.0,5.242588855083187,0.5457916666666667
购物,生活服务,555,0,24724.0,0.0,5.218891299271436,0.4120666666666667
休闲娱乐,运动健身,2052,0,27661.0,0.0,5.194191741839153,0.4610166666666667
展览馆,亲子,51,0,59862.0,0.0,5.096948211424726,0.9977
亲子,医疗健康,87,0,30532.0,0.0,5.095652929098872,0.5088666666666667
购物,鲜花绿植,434,0,23055.5,0.0,5.080006401974201,0.3842583333333333
酒店,人文街区,47,0,7709.0,0.0,5.0363161942674415,0.12848333333333334
人文街区,酒店,35,0,18795.0,0.0,5.0269795780919155,0.31325
酒店,旅游,1437,0,30928.0,0.0,5.014533143217805,0.5154666666666666
教育培训,生活服务,115,0,109635.0,0.0,5.012402687603252,1.82725
运动健身,休闲娱乐,1979,0,27660.0,0.0,4.998030378583696,0.461
美妆日化,数码家电,303,0,32197.0,0.0,4.934866168429981,0.5366166666666666
生活服务,宠物,158,0,44609.5,0.0,4.929359851310515,0.7434916666666667
酒店,度假景区,123,0,15812.0,0.0,4.896983194947395,0.26353333333333334
旅游,酒店,1763,0,66077.0,0.0,4.8809228758404215,1.1012833333333334
亲子,展览馆,68,0,99587.5,0.0,4.872642321373674,1.6597916666666668
丽人,家居,60,0,127045.0,0.0,4.872318598138615,2.1174166666666667
主题乐园,温泉景区,61,0,49759.0,0.0,4.850977685760294,0.8293166666666667
休闲娱乐,亲子,1229,0,36653.0,0.0,4.847401233618825,0.6108833333333333
亲子,休闲娱乐,1169,0,37853.0,0.0,4.835657021418386,0.6308833333333334
主题乐园,酒店,466,0,39328.5,0.0,4.782147054195957,0.655475
度假景区,亲子,20,0,158338.0,0.0,4.773696585904745,2.6389666666666667
超市便利,日用百货,7324,0,19204.0,0.0,4.766380307068718,0.32006666666666667
家居,丽人,63,0,138321.0,0.0,4.737989479847296,2.30535
亲子,生活服务,162,0,38608.0,0.0,4.737574354987934,0.6434666666666666
酒店,自然景观,586,0,28941.0,0.0,4.728911362061936,0.48235
鲜花绿植,购物,348,0,26049.0,0.0,4.718706325092628,0.43415
生活服务,丽人,558,0,57791.5,0.0,4.717753449061407,0.9631916666666667
运动健身,K歌,256,0,60023.5,0.0,4.715195072833328,1.0003916666666666
生活服务,教育培训,120,0,141870.5,0.0,4.706415574335342,2.364508333333333
非标住宿,旅游,71,0,86314.0,0.0,4.699493699190238,1.4385666666666668
宠物,生活服务,151,0,31254.0,0.0,4.6542341602095005,0.5209
超市便利,美妆日化,5297,0,19907.0,0.0,4.620506910336509,0.3317833333333333
日用百货,超市便利,7466,0,19969.0,0.0,4.612156925950033,0.33281666666666665
展览馆,温泉景区,28,0,149640.0,0.0,4.60938246681024,2.494
电影演出赛事,旅游,64,0,55372.5,0.0,4.602899555247502,0.922875
亲子,其他旅游,56,0,57587.5,0.0,4.522460098277509,0.9597916666666667
酒店,人文古迹,385,0,23864.0,0.0,4.496023890242049,0.3977333333333333
温泉景区,展览馆,28,0,64563.0,0.0,4.43083513142622,1.07605
结婚,医疗健康,41,0,171853.0,0.0,4.428388168276494,2.8642166666666666
家居,购物,53,0,20815.0,0.0,4.4107051186043265,0.34691666666666665
人文古迹,结婚,32,0,38709.0,0.0,4.410286597367357,0.64515
美妆日化,超市便利,5793,0,19237.0,0.0,4.395098213971725,0.32061666666666666
展览馆,酒店,210,0,36880.5,0.0,4.38930400979675,0.614675
运动健身,亲子,249,0,49250.0,0.0,4.382446666488066,0.8208333333333333
公园,酒店,145,0,34741.0,0.0,4.366855200915761,0.5790166666666666
数码家电,购物,377,0,18393.0,0.0,4.360132447433101,0.30655
亲子,运动健身,233,0,43275.0,0.0,4.311750136839214,0.72125
温泉景区,动物园类,26,0,68254.5,0.0,4.299334574221037,1.137575
数码家电,服饰鞋帽,60,0,49710.5,0.0,4.288521660661855,0.8285083333333333
地标建筑,酒店,50,0,27549.5,0.0,4.216059116637563,0.45915833333333333
休闲娱乐,温泉景区,658,0,31122.5,0.0,4.211406300938022,0.5187083333333333
丽人,生活服务,461,0,73547.0,0.0,4.203870923778267,1.2257833333333332
亲子,水上项目/水上体验,21,0,145514.0,0.0,4.203071608657097,2.4252333333333334
酒店,水上项目/水上体验,112,0,56839.5,0.0,4.176024773217232,0.947325
教育培训,医疗健康,47,0,67151.0,0.0,4.132167669708415,1.1191833333333334
医疗健康,亲子,83,0,29314.0,0.0,4.124875053874357,0.48856666666666665
超市便利,母婴玩具,998,0,24671.0,0.0,4.059375883684169,0.41118333333333335
家居,日用百货,41,0,36299.0,0.0,4.053432708055145,0.6049833333333333
超市便利,数码家电,2147,0,21819.0,0.0,4.00410578239751,0.36365
生活服务,亲子,151,0,34033.0,0.0,3.9956987006096667,0.5672166666666667
医疗健康,结婚,47,0,209219.0,0.0,3.993029732517642,3.4869833333333333
服饰鞋帽,超市便利,1136,0,24259.5,0.0,3.9769250847164797,0.404325
数码家电,超市便利,2178,0,21376.5,0.0,3.9756031539715533,0.356275
休闲娱乐,酒店,4742,0,38586.0,0.0,3.9670101484260063,0.6431
运动健身,电影演出赛事,60,0,34881.0,0.0,3.9505322005797425,0.58135
结婚,宠物,63,0,126486.0,0.0,3.94471843908521,2.1081
其他旅游,酒店,183,0,34780.0,0.0,3.941280634875283,0.5796666666666667
酒店,地标建筑,59,0,25498.0,0.0,3.913637375961991,0.42496666666666666
酒水茶饮,超市便利,3400,0,26513.5,0.0,3.8694449864417,0.4418916666666667
医疗健康,教育培训,52,0,143327.0,0.0,3.8509079642514745,2.3887833333333335
酒店,展览馆,280,0,26389.0,0.0,3.8385064664758093,0.4398166666666667
超市便利,服饰鞋帽,1140,0,21811.5,0.0,3.8298096078363106,0.363525
酒店,主题乐园,484,0,32417.0,0.0,3.7947103705349168,0.5402833333333333
美妆日化,医药健康,735,0,42798.0,0.0,3.7579459784844196,0.7133
超市便利,酒水茶饮,3237,0,27756.0,0.0,3.7574706031066123,0.4626
酒店,休闲娱乐,4655,0,36450.0,0.0,3.7224006419511,0.6075
电影演出赛事,亲子,32,0,114095.5,0.0,3.720604725999126,1.9015916666666666
母婴玩具,超市便利,987,0,26700.0,0.0,3.6997350288983504,0.445
生活服务,非标住宿,43,0,50934.0,0.0,3.6976068927864056,0.8489
滑雪景区,酒店,189,0,43579.0,0.0,3.6852003492257883,0.7263166666666667
鲜花绿植,日用百货,227,0,34132.0,0.0,3.6424347675990605,0.5688666666666666
亲子,丽人,391,0,46458.0,0.0,3.612209358300491,0.7743
酒店,其他,21,0,48112.0,0.0,3.602511392098904,0.8018666666666666
旅游,非标住宿,85,0,107179.0,0.0,3.5843829541811494,1.7863166666666668
丽人,养车/用车,118,0,51111.5,0.0,3.584154479943147,0.8518583333333334
超市便利,大型百货商场,27,0,38578.0,0.0,3.5680777199559293,0.6429666666666667
酒店,公园,177,0,16737.0,0.0,3.563311779648257,0.27895
宠物,结婚,68,0,88755.0,0.0,3.534497266687007,1.47925
医疗健康,养车/用车,20,0,128382.0,0.0,3.45651976399909,2.1397
服饰鞋帽,购物,155,0,18822.0,0.0,3.4496388453117004,0.3137
教育培训,休闲娱乐,557,0,51741.0,0.0,3.4286516049660682,0.86235
生活服务,数码家电,107,0,44833.0,0.0,3.40405799319672,0.7472166666666666
养车/用车,丽人,114,0,77904.0,0.0,3.3921819515734617,1.2984
数码家电,生活服务,101,0,26363.0,0.0,3.3634850105157725,0.43938333333333335
医药健康,美妆日化,691,0,46396.0,0.0,3.3379655465135194,0.7732666666666667
日用百货,家居,33,0,55718.0,0.0,3.331799174379595,0.9286333333333333
自然景观,亲子,62,0,72027.0,0.0,3.3203936083777195,1.20045
亲子,购物,323,0,42719.0,0.0,3.2940637690177894,0.7119833333333333
养车/用车,购物,100,0,39681.5,0.0,3.287023569938143,0.6613583333333334
母婴玩具,数码家电,40,0,32802.5,0.0,3.2855587380964435,0.5467083333333334
购物,K歌,336,0,24021.5,0.0,3.269395001584922,0.4003583333333333
休闲娱乐,教育培训,558,0,65436.0,0.0,3.259653395442191,1.0906
超市便利,食材,6454,0,29153.5,0.0,3.240984273539219,0.48589166666666667
动物园类,酒店,181,0,49392.0,0.0,3.22885004321432,0.8232
食材,超市便利,6642,0,31018.5,0.0,3.1894064255322414,0.516975
亲子,电影演出赛事,29,0,53858.0,0.0,3.1811412475470733,0.8976333333333333
教育培训,K歌,70,0,58505.5,0.0,3.1708839473374333,0.9750916666666667
数码家电,母婴玩具,36,0,32119.0,0.0,3.1490658060641477,0.5353166666666667
购物,养车/用车,100,0,33328.5,0.0,3.1380307472342315,0.555475
酒店,其他旅游,203,0,32804.0,0.0,3.1309099007695926,0.5467333333333333
水果,食材,1781,0,27758.0,0.0,3.1177132310087092,0.46263333333333334
购物,服饰鞋帽,154,0,22656.5,0.0,3.1018700969545163,0.3776083333333333
K歌,教育培训,74,0,82262.5,0.0,3.0956483585864514,1.3710416666666667
服饰鞋帽,数码家电,40,0,87812.5,0.0,3.068898353864708,1.4635416666666667
运动健身,医疗健康,85,0,54904.0,0.0,3.0414430720989087,0.9150666666666667
购物,亲子,327,0,42695.0,0.0,3.040334912964576,0.7115833333333333
非标住宿,休闲娱乐,202,0,56224.5,0.0,3.0377577384650167,0.937075
丽人,亲子,335,0,48685.0,0.0,3.0191924580322698,0.8114166666666667
人文古迹,亲子,37,0,79938.0,0.0,2.997827743469014,1.3323
休闲娱乐,旅游,1201,0,31760.0,0.0,2.9752733546981758,0.5293333333333333
运动健身,公园,46,0,118897.5,0.0,2.9706756582045952,1.981625
日用百货,鲜花绿植,212,0,36913.5,0.0,2.9583707446001317,0.615225
亲子,自然景观,70,0,71625.5,0.0,2.956929069045608,1.1937583333333333
丽人,购物,925,0,45759.0,0.0,2.9473854916780224,0.76265
宠物,养车/用车,28,0,52123.0,0.0,2.939239669167266,0.8687166666666667
休闲娱乐,游玩,44,0,50143.0,0.0,2.927628773842957,0.8357166666666667
K歌,购物,293,0,22995.0,0.0,2.905068423055224,0.38325
购物,丽人,972,0,55583.5,0.0,2.8955742888003195,0.9263916666666666
休闲娱乐,非标住宿,227,0,39815.0,0.0,2.8724840202192485,0.6635833333333333
养车/用车,教育培训,20,0,63405.5,0.0,2.8548419039602915,1.0567583333333332
电影演出赛事,运动健身,38,0,123083.0,0.0,2.8228602026526075,2.0513833333333333
酒店,滑雪景区,198,0,29651.0,0.0,2.8197459732673287,0.4941833333333333
结婚,购物,151,0,83894.0,0.0,2.8139074126748347,1.3982333333333334
医疗健康,运动健身,88,0,52148.5,0.0,2.805735253137382,0.8691416666666667
母婴玩具,医药健康,110,0,50510.0,0.0,2.7978168443673264,0.8418333333333333
生活服务,休闲娱乐,734,0,46280.0,0.0,2.7822333617006123,0.7713333333333333
运动健身,旅游,251,0,38478.0,0.0,2.7745702115736415,0.6413
丽人,K歌,292,0,82584.0,0.0,2.7555547944038583,1.3764
休闲食品,超市便利,4949,0,28084.0,0.0,2.7456983218584283,0.4680666666666667
生活服务,电影演出赛事,27,0,32781.0,0.0,2.7192949490260228,0.54635
酒店,动物园类,190,0,46543.0,0.0,2.71918784579389,0.7757166666666667
水上项目/水上体验,休闲娱乐,77,0,49846.0,0.0,2.718470401756744,0.8307666666666667
主题乐园,教育培训,37,0,54941.0,0.0,2.712933019148994,0.9156833333333333
养车/用车,宠物,24,0,52512.0,0.0,2.7088893995368815,0.8752
滑雪景区,休闲娱乐,203,0,61457.0,0.0,2.68465455499198,1.0242833333333334
结婚,休闲娱乐,353,0,70997.0,0.0,2.6641097615668006,1.1832833333333332
购物,日用百货,683,0,14587.0,0.0,2.6536126705987124,0.24311666666666668
教育培训,旅游,98,0,32932.5,0.0,2.653296782571058,0.548875
甜点,鲜花绿植,678,0,89158.0,0.0,2.6362987450384616,1.4859666666666667
鲜花绿植,甜点,695,0,47030.0,0.0,2.634697439798347,0.7838333333333334
K歌,酒店,444,0,62900.5,0.0,2.634516612366715,1.0483416666666667
公园,运动健身,28,0,90137.0,0.0,2.6238123678501797,1.5022833333333334
休闲娱乐,结婚,392,0,87237.0,0.0,2.6237726623800928,1.45395
食材,水果,1718,0,30311.5,0.0,2.6226490542109766,0.5051916666666667
游玩,休闲娱乐,39,0,78846.0,0.0,2.600239449443844,1.3141
养车/用车,运动健身,43,0,55342.0,0.0,2.5952838083985625,0.9223666666666667
休闲娱乐,生活服务,649,0,48057.0,0.0,2.5940186313592006,0.80095
家居,休闲娱乐,77,0,107454.0,0.0,2.5899507321978428,1.7909
超市便利,医药健康,4411,0,30824.0,0.0,2.5868883905896616,0.5137333333333334
游玩,酒店,26,0,81703.5,0.0,2.5868209800744615,1.361725
展览馆,休闲娱乐,181,0,44857.0,0.0,2.568829829182978,0.7476166666666667
购物,结婚,162,0,91319.5,0.0,2.559558040869067,1.5219916666666666
医疗健康,宠物,43,0,89147.0,0.0,2.5481702622143914,1.4857833333333332
超市便利,宠物,1386,0,18828.0,0.0,2.543126309136112,0.3138
主题乐园,运动健身,81,0,119661.0,0.0,2.540029378929432,1.99435
亲子,人文古迹,41,0,169709.0,0.0,2.5290072917999233,2.8284833333333332
鲜花绿植,美妆日化,117,0,65654.0,0.0,2.526594524767682,1.0942333333333334
K歌,丽人,278,0,96427.5,0.0,2.49869410925204,1.607125
养车/用车,酒店,127,0,50637.0,0.0,2.495877748482072,0.84395
度假景区,休闲娱乐,75,0,57596.0,0.0,2.4877468207799613,0.9599333333333333
植物园,酒店,30,0,52633.0,0.0,2.47670586875511,0.8772166666666666
其他旅游,运动健身,37,0,77610.0,0.0,2.46219233104479,1.2935
超市便利,休闲食品,4796,0,30049.0,0.0,2.4537121499350873,0.5008166666666667
运动健身,水上项目/水上体验,20,0,41063.0,0.0,2.4503463554053333,0.6843833333333333
宠物,超市便利,1424,0,20639.5,0.0,2.41421518479391,0.34399166666666664
医药健康,母婴玩具,106,0,71464.0,0.0,2.404781608740664,1.1910666666666667
其他,休闲娱乐,23,0,37582.0,0.0,2.4005925814989295,0.6263666666666666
教育培训,购物,156,0,60518.5,0.0,2.373046097738598,1.0086416666666667
旅游,休闲娱乐,1262,0,77451.0,0.0,2.3711414159013375,1.29085
旅游,电影演出赛事,48,0,40902.0,0.0,2.3601644013243033,0.6817
温泉景区,亲子,37,0,94741.0,0.0,2.359762552567361,1.5790166666666667
K歌,滑雪景区,32,0,183857.0,0.0,2.34937518585611,3.0642833333333335
养车/用车,休闲娱乐,176,0,51436.0,0.0,2.3417328432445284,0.8572666666666666
休闲娱乐,养车/用车,174,0,64007.0,0.0,2.3116929267756645,1.0667833333333334
其他旅游,休闲娱乐,158,0,58172.0,0.0,2.310826833259119,0.9695333333333334
酒店,养车/用车,123,0,49525.0,0.0,2.3076130985225243,0.8254166666666667
动物园类,休闲娱乐,189,0,73859.0,0.0,2.287077228120177,1.2309833333333333
休闲娱乐,宠物,491,0,50155.0,0.0,2.2867211842582638,0.8359166666666666
休闲娱乐,家居,64,0,113409.0,0.0,2.2770446018778556,1.89015
主题乐园,休闲娱乐,322,0,67768.0,0.0,2.2441883820358584,1.1294666666666666
旅游,教育培训,115,0,58377.0,0.0,2.237745962989022,0.97295
酒店,K歌,384,0,67580.5,0.0,2.237194342606335,1.1263416666666666
休闲娱乐,滑雪景区,221,0,69026.0,0.0,2.232855756598836,1.1504333333333334
运动健身,养车/用车,37,0,62058.0,0.0,2.2327930175536403,1.0343
K歌,亲子,79,0,124040.0,0.0,2.2316423179164295,2.0673333333333335
非标住宿,生活服务,20,0,39668.5,0.0,2.2099131141483763,0.6611416666666666
酒店,结婚,233,0,31990.0,0.0,2.200891963410492,0.5331666666666667
大型百货商场,超市便利,29,0,22084.0,0.0,2.192592003815277,0.36806666666666665
宠物,教育培训,48,0,103771.5,0.0,2.1923031224751677,1.729525
医药健康,超市便利,4545,0,35919.0,0.0,2.190216667800106,0.59865
购物,餐饮,8200,0,21305.5,0.0,2.187922026809098,0.3550916666666667
宠物,休闲娱乐,501,0,37341.0,0.0,2.1857956239876764,0.62235
购物,教育培训,157,0,54872.0,0.0,2.1670075660409065,0.9145333333333333
丽人,宠物,202,0,62040.0,0.0,2.151254606071241,1.034
亲子,宠物,62,0,76872.5,0.0,2.132540865094799,1.2812083333333333
宠物,医药健康,186,0,68398.5,0.0,2.1324818537713854,1.139975
公园,休闲娱乐,104,0,62716.5,0.0,2.1308651958107254,1.045275
休闲娱乐,水上项目/水上体验,80,0,51069.5,0.0,2.1248115916673247,0.8511583333333334
日用百货,购物,539,0,14428.0,0.0,2.108695008059164,0.24046666666666666
K歌,宠物,63,0,101715.0,0.0,2.1055173764755444,1.69525
宠物,丽人,215,0,94626.0,0.0,2.0968955799371347,1.5771
亲子,温泉景区,44,0,85005.0,0.0,2.094415976645899,1.41675
生活服务,运动健身,123,0,59463.0,0.0,2.092647120023305,0.99105
宠物,亲子,68,0,109352.5,0.0,2.086401351494487,1.8225416666666667
运动健身,购物,335,0,28249.0,0.0,2.08636525859236,0.47081666666666666
休闲娱乐,植物园,45,0,209276.0,0.0,2.0812336002831473,3.4879333333333333
甜点,休闲食品,2043,0,63372.0,0.0,2.0724544800101703,1.0562
美妆日化,鲜花绿植,120,0,49771.5,0.0,2.0639089546047824,0.829525
购物,运动健身,344,0,23819.5,0.0,2.0530137046606685,0.3969916666666667
结婚,酒店,182,0,32861.0,0.0,2.029781081681224,0.5476833333333333
休闲娱乐,度假景区,71,0,76237.0,0.0,2.0183208660842666,1.2706166666666667
酒店,游玩,21,0,130015.0,0.0,2.0163939641958732,2.166916666666667
滑雪景区,K歌,20,0,198579.0,0.0,2.0086782576352067,3.30965
旅游,运动健身,238,0,94213.5,0.0,2.000415019844426,1.570225
休闲娱乐,购物,1425,0,34122.0,0.0,1.9906633340597704,0.5687
休闲娱乐,公园,139,0,114173.0,0.0,1.9893566138145151,1.9028833333333333
运动健身,展览馆,45,0,203270.0,0.0,1.983980260237936,3.3878333333333335
酒店,植物园,30,0,34673.5,0.0,1.9759406947039366,0.5778916666666667
运动健身,生活服务,110,0,75226.0,0.0,1.970404934509557,1.2537666666666667
餐饮,美食,109450,0,22692.0,0.0,1.9654471746721878,0.3782
休闲娱乐,其他旅游,179,0,79910.0,0.0,1.960937233617165,1.3318333333333334
休闲娱乐,展览馆,201,0,68653.0,0.0,1.9586557475978315,1.1442166666666667
K歌,结婚,40,0,166494.0,0.0,1.9375291836659139,2.7749
运动健身,结婚,64,0,108850.0,0.0,1.9302776504540586,1.8141666666666667
购物,休闲娱乐,1442,0,37237.0,0.0,1.926065199542544,0.6206166666666667
结婚,K歌,34,0,147075.5,0.0,1.9144751620834044,2.4512583333333335
宠物,医疗健康,30,0,51478.5,0.0,1.8911024983915439,0.857975
运动健身,酒店,507,0,46023.0,0.0,1.8899341492688368,0.76705
饮品,甜点,9002,0,43704.0,0.0,1.8888922877099874,0.7284
动物园类,运动健身,34,0,111924.0,0.0,1.8782931437459789,1.8654
美食,餐饮,85826,0,34125.0,0.0,1.8633510208367472,0.56875
水果,甜点,3430,0,56202.0,0.0,1.8433769128273774,0.9367
餐饮,购物,7224,0,13377.0,0.0,1.8217425987912748,0.22295
生活服务,日用百货,164,0,45878.0,0.0,1.8153774489210066,0.7646333333333334
教育培训,宠物,35,0,94035.0,0.0,1.8116689607614023,1.56725
教育培训,主题乐园,29,0,78346.0,0.0,1.8040026286936728,1.3057666666666667
自然景观,休闲娱乐,235,0,72420.0,0.0,1.7910928206728172,1.207
生活服务,酒店,320,0,50381.5,0.0,1.7908553394438558,0.8396916666666666
养车/用车,旅游,30,0,35105.0,0.0,1.788904892353168,0.5850833333333333
甜点,水果,3235,0,69597.0,0.0,1.7755666574522082,1.15995
甜点,饮品,8469,0,42427.0,0.0,1.7581530054968237,0.7071166666666666
电影演出赛事,酒店,72,0,106104.0,0.0,1.7467420803663043,1.7684
运动健身,其他旅游,35,0,48890.0,0.0,1.7444818758818474,0.8148333333333333
未知品类,医药健康,4196,0,97303.0,0.0,1.7438564342324585,1.6217166666666667
休闲娱乐,动物园类,170,0,70302.5,0.0,1.728035812454559,1.1717083333333334
医药健康,未知品类,10536,10402,59444.5,0.9872817008352316,1.7261459070615968,0.9907416666666666
休闲食品,甜点,1753,0,53203.0,0.0,1.7221194897076555,0.8867166666666667
购物,医疗健康,91,0,58931.0,0.0,1.7204419368192434,0.9821833333333333
休闲娱乐,自然景观,299,0,77494.0,0.0,1.7155173410607145,1.2915666666666668
休闲娱乐,人文街区,22,0,182998.5,0.0,1.7129724270426978,3.049975
休闲娱乐,主题乐园,307,0,81937.0,0.0,1.7105603350692185,1.3656166666666667
运动健身,主题乐园,68,0,139831.0,0.0,1.7045492139889102,2.3305166666666666
未知品类,水果,8659,0,53791.0,0.0,1.6987353209920781,0.8965166666666666
医药健康,宠物,165,0,51506.0,0.0,1.683440002558738,0.8584333333333334
亲子,K歌,55,0,113991.0,0.0,1.6822498392373657,1.89985
餐饮,饮品,34784,0,22017.0,0.0,1.6677946027389767,0.36695
休闲娱乐,餐饮,14443,0,40372.0,0.0,1.6383579130470933,0.6728666666666666
人文古迹,休闲娱乐,143,0,93123.0,0.0,1.635846843510874,1.55205
医疗健康,购物,93,0,69636.0,0.0,1.6350603971927924,1.1606
K歌,餐饮,2021,0,54767.0,0.0,1.623428620553692,0.9127833333333333
酒店,运动健身,449,0,59425.0,0.0,1.6039497442467174,0.9904166666666666
日用百货,生活服务,141,0,35471.0,0.0,1.5852209276481097,0.5911833333333333
水果,超市便利,5213,0,36487.0,0.0,1.5826263026742091,0.6081166666666666
结婚,运动健身,46,0,175568.5,0.0,1.5769386942016421,2.9261416666666666
酒店,生活服务,279,0,50300.0,0.0,1.5742256360714804,0.8383333333333334
植物园,休闲娱乐,28,0,60300.0,0.0,1.572032348357136,1.005
水果,休闲食品,879,0,62542.0,0.0,1.5684993979740314,1.0423666666666667
未知品类,美食,56209,0,54381.0,0.0,1.5622742866406134,0.90635
未知品类,餐饮,49212,0,35617.5,0.0,1.5605370056217225,0.593625
美食,水果,11550,0,69813.5,0.0,1.5513290334906262,1.1635583333333333
运动健身,宠物,74,0,65442.0,0.0,1.5505370529734506,1.0907
餐饮,地名,20,0,25421.5,0.0,1.5495750702928432,0.4236916666666667
丽人,餐饮,5963,0,58593.0,0.0,1.5424340397811585,0.97655
购物,超市便利,2923,0,21231.0,0.0,1.518578683873593,0.35385
温泉景区,运动健身,37,0,95669.0,0.0,1.514933172408682,1.5944833333333333
日用百货,医药健康,363,0,55352.0,0.0,1.5133588913239446,0.9225333333333333
结婚,餐饮,1000,0,47957.5,0.0,1.5057168297007388,0.7992916666666666
宠物,K歌,46,0,98058.0,0.0,1.4874299881737796,1.6343
饮品,水果,3944,0,85032.0,0.0,1.4859341652656584,1.4172
甜点,餐饮,16687,0,40454.0,0.0,1.4801957936467574,0.6742333333333334
结婚,旅游,44,0,29526.0,0.0,1.4771440275669294,0.4921
餐饮,K歌,1976,0,42846.0,0.0,1.4728933725731868,0.7141
电影演出赛事,餐饮,450,0,173869.5,0.0,1.4635028789337685,2.897825
未知品类,鲜花绿植,1051,0,51322.0,0.0,1.4602255572600502,0.8553666666666667
休闲食品,食材,454,0,57541.0,0.0,1.4547224123973879,0.9590166666666666
美食,未知品类,101135,96066,87452.0,0.9498788747713452,1.453363647664119,1.4575333333333333
未知品类,酒水茶饮,1763,0,68726.0,0.0,1.450597413472598,1.1454333333333333
运动健身,自然景观,56,0,83136.5,0.0,1.4498447043789542,1.3856083333333333
餐饮,甜点,20526,0,23701.0,0.0,1.4491009199394624,0.3950166666666667
电影演出赛事,丽人,39,0,128910.0,0.0,1.4478843479558476,2.1485
母婴玩具,购物,60,0,15026.5,0.0,1.444127698366722,0.2504416666666667
K歌,展览馆,20,0,185845.5,0.0,1.4413079436250051,3.097425
饮品,休闲食品,2066,0,78046.5,0.0,1.4386948142921592,1.300775
超市便利,未知品类,48311,47741,80475.0,0.9882014448055308,1.430926920441697,1.34125
鲜花绿植,数码家电,30,0,73544.0,0.0,1.4187596627253447,1.2257333333333333
未知品类,饮品,19085,0,72680.0,0.0,1.4163400419172378,1.2113333333333334
水果,美食,10360,0,43193.0,0.0,1.4160011029753607,0.7198833333333333
饮品,餐饮,23167,0,40897.0,0.0,1.4106767605371417,0.6816166666666666
未知品类,超市便利,22842,0,61488.0,0.0,1.4100751979124244,1.0248
K歌,医疗健康,24,0,106096.5,0.0,1.4069518012121596,1.768275
鲜花绿植,水果,206,0,36139.5,0.0,1.4067744525129091,0.602325
养车/用车,餐饮,530,0,48851.0,0.0,1.404167694631208,0.8141833333333334
水果,饮品,3814,0,55417.5,0.0,1.392083784464326,0.923625
旅游,结婚,62,0,84983.5,0.0,1.3914492772870855,1.4163916666666667
自然景观,生活服务,25,0,49846.0,0.0,1.387644582587838,0.8307666666666667
K歌,生活服务,48,0,125313.5,0.0,1.3841608394100218,2.0885583333333333
购物,母婴玩具,56,0,19709.5,0.0,1.3809215362199823,0.3284916666666667
宠物,日用百货,107,0,30073.0,0.0,1.366804398322638,0.5012166666666666
酒水茶饮,未知品类,3531,3489,66181.0,0.9881053525913339,1.3663614923319076,1.1030166666666668
亲子,餐饮,1641,0,54278.0,0.0,1.3564480215376866,0.9046333333333333
休闲食品,水果,766,0,60823.5,0.0,1.3519532502902676,1.013725
生活服务,K歌,48,0,57514.0,0.0,1.3481404357532132,0.9585666666666667
酒店,医药健康,640,0,83316.5,0.0,1.3421655117391451,1.3886083333333332
丽人,美妆日化,265,0,38875.0,0.0,1.3407987993286115,0.6479166666666667
丽人,酒店,702,0,50290.5,0.0,1.3406430923221775,0.838175
饮品,未知品类,33128,32262,98130.0,0.9738589712629799,1.3351961494214848,1.6355
医疗健康,酒店,127,0,50914.0,0.0,1.333975369182145,0.8485666666666667
水果,鲜花绿植,194,0,44855.0,0.0,1.3309355801264842,0.7475833333333334
餐饮,休闲娱乐,12976,0,35761.0,0.0,1.330166797726962,0.5960166666666666
休闲娱乐,人文古迹,159,0,106294.0,0.0,1.3228544829957067,1.7715666666666667
医药健康,日用百货,366,0,50878.0,0.0,1.320824791353781,0.8479666666666666
超市便利,水果,4766,0,40704.0,0.0,1.3195425712089803,0.6784
美食,休闲食品,5309,0,50639.0,0.0,1.317815157645514,0.8439833333333333
美妆日化,未知品类,5099,5066,102790.0,0.9935281427730928,1.3154160727511044,1.7131666666666667
日用百货,宠物,100,0,30881.5,0.0,1.3131405253155966,0.5146916666666667
宠物,购物,121,0,64961.0,0.0,1.306721478009996,1.0826833333333334
游玩,餐饮,99,0,64327.0,0.0,1.299312830008075,1.0721166666666666
生活服务,自然景观,33,0,27675.0,0.0,1.2968748304212212,0.46125
丽人,电影演出赛事,38,0,137342.0,0.0,1.2946884325242545,2.2890333333333333
购物,宠物,117,0,72660.0,0.0,1.2899528755429863,1.211
运动健身,温泉景区,44,0,150606.5,0.0,1.279166316856082,2.510108333333333
美食,食材,5248,0,54833.5,0.0,1.2786842986511888,0.9138916666666667
鲜花绿植,超市便利,596,0,38554.5,0.0,1.2767614682985589,0.642575
旅游,养车/用车,28,0,127447.0,0.0,1.267311194445994,2.1241166666666667
主题乐园,K歌,24,0,141828.5,0.0,1.262494911032881,2.3638083333333335
运动健身,动物园类,27,0,63147.0,0.0,1.2585991465377704,1.05245
酒店,餐饮,7875,0,38793.0,0.0,1.258566667745012,0.64655
甜点,美食,16159,0,38770.0,0.0,1.2563356948868514,0.6461666666666667
食材,未知品类,7694,7541,125092.0,0.9801143748375357,1.256195146364037,2.0848666666666666
超市便利,鲜花绿植,640,0,32458.5,0.0,1.2555461023253578,0.540975
自然景观,运动健身,36,0,74904.0,0.0,1.2519180879836618,1.2484
美食,超市便利,29551,0,56702.0,0.0,1.2489714867133808,0.9450333333333333
休闲食品,酒水茶饮,168,0,57614.0,0.0,1.248801776608493,0.9602333333333334
医药健康,服饰鞋帽,66,0,65366.0,0.0,1.243839738712282,1.0894333333333333
酒水茶饮,休闲食品,185,0,54468.0,0.0,1.242651420272462,0.9078
地标建筑,休闲娱乐,21,0,184408.0,0.0,1.2339851623358937,3.0734666666666666
数码家电,鲜花绿植,29,0,30635.0,0.0,1.230784795153251,0.5105833333333333
K歌,自然景观,29,0,154240.0,0.0,1.2142996113878843,2.570666666666667
休闲食品,美食,4843,0,45797.0,0.0,1.2097797738526874,0.7632833333333333
餐饮,电影演出赛事,458,0,49756.0,0.0,1.2070813889882253,0.8292666666666667
水果,未知品类,11603,11421,103820.0,0.9843144014479014,1.1976169860269137,1.7303333333333333
教育培训,酒店,131,0,52107.0,0.0,1.1953975147345488,0.86845
食材,休闲食品,423,0,53494.0,0.0,1.195379491917382,0.8915666666666666
生活服务,旅游,71,0,25297.0,0.0,1.188776437791649,0.42161666666666664
日用百货,未知品类,5640,5584,116207.0,0.9900709219858156,1.184723214216054,1.9367833333333333
服饰鞋帽,医药健康,49,0,80920.0,0.0,1.1771710541770213,1.3486666666666667
美食,甜点,15702,0,39382.0,0.0,1.17471996480826,0.6563666666666667
运动健身,餐饮,2325,0,51628.0,0.0,1.1735559155962143,0.8604666666666667
鲜花绿植,宠物,25,0,42567.0,0.0,1.170417187855704,0.70945
生活服务,餐饮,1545,0,57718.0,0.0,1.1697042820042933,0.9619666666666666
餐饮,丽人,5113,0,52317.0,0.0,1.1687180201191922,0.87195
人文古迹,运动健身,22,0,108988.0,0.0,1.1648663085164435,1.8164666666666667
医疗健康,餐饮,822,0,77272.0,0.0,1.1631849992800019,1.2878666666666667
生活服务,医药健康,116,0,51933.0,0.0,1.1599251879070396,0.86555
自然景观,K歌,20,0,158458.0,0.0,1.1583991361274213,2.6409666666666665
餐饮,未知品类,84887,72088,82658.0,0.8492230848068609,1.1511614894511937,1.3776333333333333
数码家电,未知品类,1848,1819,105133.5,0.9843073593073594,1.1470585379908442,1.752225
未知品类,食材,3221,0,64907.0,0.0,1.1463989615639416,1.0817833333333333
未知品类,酒店,4887,0,127450.0,0.0,1.1429159991958036,2.1241666666666665
宠物,鲜花绿植,29,0,38369.0,0.0,1.1428715954994473,0.6394833333333333
休闲食品,饮品,1703,0,69098.0,0.0,1.136267774025323,1.1516333333333333
医疗健康,K歌,21,0,76419.0,0.0,1.1306914370642478,1.27365
超市便利,购物,2051,0,22747.0,0.0,1.130053502146559,0.37911666666666666
家居,餐饮,169,0,83979.0,0.0,1.128252220014206,1.39965
宠物,美妆日化,65,0,56982.0,0.0,1.119497570348774,0.9497
餐饮,结婚,926,0,52855.5,0.0,1.117851868609648,0.880925
食材,美食,5160,0,41732.0,0.0,1.1156655860179687,0.6955333333333333
酒店,丽人,624,0,55230.0,0.0,1.1140569138168355,0.9205
超市便利,美食,28244,0,45727.0,0.0,1.1077855802351881,0.7621166666666667
美食,酒水茶饮,1957,0,71782.0,0.0,1.1023957166379705,1.1963666666666666
母婴玩具,未知品类,864,851,95884.0,0.9849537037037037,1.1013685194735656,1.5980666666666667
生活服务,酒水茶饮,55,0,38513.0,0.0,1.0987748332786218,0.6418833333333334
餐饮,养车/用车,455,0,39991.0,0.0,1.087997277803602,0.6665166666666666
宠物,数码家电,29,0,90067.0,0.0,1.0876622855620697,1.5011166666666667
饮品,美食,20290,0,42127.0,0.0,1.0829088081834493,0.7021166666666666
美食,饮品,21209,0,47924.0,0.0,1.0776303002673446,0.7987333333333333
酒店,电影演出赛事,51,0,48181.0,0.0,1.0666097670336663,0.8030166666666667
购物,酒水茶饮,153,0,27370.0,0.0,1.0654665897785933,0.45616666666666666
未知品类,宠物,819,0,78820.0,0.0,1.0654544629815725,1.3136666666666668
休闲食品,未知品类,5610,5540,158835.5,0.9875222816399287,1.0582560562086534,2.6472583333333333
酒水茶饮,数码家电,42,0,44663.5,0.0,1.0469409866094486,0.7443916666666667
餐饮,交通设施,20,0,44372.5,0.0,1.0432782651476566,0.7395416666666667
K歌,温泉景区,22,0,125636.0,0.0,1.0403999139545577,2.093933333333333
甜点,超市便利,6015,0,68493.0,0.0,1.0387657093620615,1.14155
未知品类,甜点,9439,0,81315.0,0.0,1.0314476761250975,1.35525
地名,餐饮,25,0,46655.0,0.0,1.030044195666524,0.7775833333333333
家居,超市便利,78,0,55777.5,0.0,1.0206557090730382,0.929625
休闲娱乐,地标建筑,21,0,131780.0,0.0,1.018597951906694,2.1963333333333335
宠物,未知品类,1767,1631,84349.0,0.923033389926429,1.0184653263223968,1.4058166666666667
餐饮,酒店,6705,0,31868.0,0.0,1.0130820174139115,0.5311333333333333
宠物,运动健身,51,0,76660.0,0.0,1.009432489358255,1.2776666666666667
餐饮,亲子,1414,0,51692.0,0.0,1.0072358339486003,0.8615333333333334
未知品类,休闲食品,2774,0,78876.0,0.0,1.0058806487488052,1.3146
鲜花绿植,K歌,24,0,83718.0,0.0,0.9987412957303328,1.3953
超市便利,家居,71,0,46048.0,0.0,0.9950250964676235,0.7674666666666666
未知品类,美妆日化,1604,0,72658.0,0.0,0.991932860546226,1.2109666666666667
餐饮,家居,155,0,83025.0,0.0,0.9870829487579702,1.38375
教育培训,餐饮,801,0,63077.0,0.0,0.9849720391103816,1.0512833333333333
丽人,医药健康,289,0,55169.0,0.0,0.9827532563791439,0.9194833333333333
美妆日化,宠物,60,0,38590.0,0.0,0.9739840278392782,0.6431666666666667
未知品类,母婴玩具,334,0,74306.0,0.0,0.9646464201215839,1.2384333333333333
医药健康,酒店,527,0,124536.0,0.0,0.9635750624673092,2.0756
生活服务,主题乐园,25,0,14696.0,0.0,0.9631774706637556,0.24493333333333334
宠物,餐饮,1104,0,44535.0,0.0,0.9616753592290896,0.74225
生活服务,鲜花绿植,28,0,87228.5,0.0,0.9604495603185746,1.4538083333333334
食材,酒水茶饮,149,0,80463.0,0.0,0.9593919175371122,1.34105
酒水茶饮,美食,1867,0,49358.0,0.0,0.9569152635013622,0.8226333333333333
运动健身,人文古迹,25,0,115582.0,0.0,0.9561768218499215,1.9263666666666666
数码家电,酒水茶饮,38,0,35198.5,0.0,0.947915417995253,0.5866416666666666
餐饮,运动健身,2073,0,42864.0,0.0,0.9477824239463103,0.7144
鲜花绿植,未知品类,1299,1221,131735.0,0.9399538106235565,0.945326131501334,2.1955833333333334
酒店,教育培训,114,0,46024.0,0.0,0.9447277460865425,0.7670666666666667
交通设施,餐饮,31,0,47584.0,0.0,0.9350348981198382,0.7930666666666667
医药健康,生活服务,106,0,84024.0,0.0,0.9317190057137726,1.4004
未知品类,数码家电,703,0,56733.0,0.0,0.9299797570039631,0.94555
鲜花绿植,生活服务,23,0,116782.0,0.0,0.9276629394733571,1.9463666666666666
甜点,未知品类,15482,14583,167955.5,0.9419325668518279,0.9090081256729199,2.7992583333333334
鲜花绿植,酒店,111,0,52196.0,0.0,0.9072927490760578,0.8699333333333333
K歌,主题乐园,22,0,179317.0,0.0,0.904162020383939,2.9886166666666667
酒店,医疗健康,79,0,53538.0,0.0,0.8960818262076682,0.8923
美妆日化,丽人,204,0,31254.5,0.0,0.8910578381435375,0.5209083333333333
饮品,超市便利,7507,0,79772.0,0.0,0.8899346853107529,1.3295333333333332
餐饮,其他,41,0,44031.0,0.0,0.8817665671959275,0.73385
餐饮,生活服务,1222,0,59325.5,0.0,0.8815705265789262,0.9887583333333333
超市便利,甜点,5691,0,62162.0,0.0,0.8776281160125471,1.0360333333333334
未知品类,日用百货,1898,0,86406.0,0.0,0.8756601742328552,1.4401
购物,滑雪景区,36,0,42497.0,0.0,0.8752923712657737,0.7082833333333334
鲜花绿植,餐饮,795,0,54030.0,0.0,0.8744874911622226,0.9005
人文古迹,餐饮,384,0,53318.0,0.0,0.8741807786845819,0.8886333333333334
展览馆,购物,24,0,125015.0,0.0,0.8680031876288389,2.0835833333333333
餐饮,医疗健康,596,0,64699.0,0.0,0.8573411501841014,1.0783166666666666
酒店,鲜花绿植,121,0,60871.0,0.0,0.8533757995842053,1.0145166666666667
人文街区,餐饮,44,0,57652.5,0.0,0.8521739426138003,0.960875
数码家电,医药健康,68,0,70233.5,0.0,0.8473786387261039,1.1705583333333334
自然景观,餐饮,551,0,48077.0,0.0,0.8373471436122509,0.8012833333333333
酒水茶饮,食材,126,0,72741.0,0.0,0.8328501713316155,1.21235
酒店,未知品类,7845,6935,100050.0,0.8840025493945188,0.8298824853394857,1.6675
地标建筑,餐饮,73,0,43532.0,0.0,0.8296202649659197,0.7255333333333334
美食,医药健康,2913,0,128524.0,0.0,0.828968098979787,2.1420666666666666
亲子,酒店,135,0,62225.0,0.0,0.8284337729506582,1.0370833333333334
K歌,旅游,46,0,142497.5,0.0,0.8234761147338802,2.3749583333333333
餐饮,游玩,69,0,68993.0,0.0,0.8225691239649752,1.1498833333333334
滑雪景区,丽人,27,0,111297.0,0.0,0.8215490414266786,1.85495
其他,餐饮,40,0,65783.5,0.0,0.8196934222004502,1.0963916666666667
其他,超市便利,20,0,55543.0,0.0,0.8173005487905862,0.9257166666666666
鲜花绿植,食材,65,0,62348.0,0.0,0.8135804157512992,1.0391333333333332
酒水茶饮,购物,112,0,41966.0,0.0,0.8127979020816818,0.6994333333333334
数码家电,宠物,20,0,38808.0,0.0,0.8064863058754738,0.6468
酒水茶饮,生活服务,38,0,53260.0,0.0,0.8019553337057326,0.8876666666666667
餐饮,宠物,953,0,36941.0,0.0,0.8008798326922832,0.6156833333333334
酒店,美食,5654,0,66121.0,0.0,0.792049994669892,1.1020166666666666
主题乐园,购物,45,0,105584.0,0.0,0.7861980872102449,1.7597333333333334
医药健康,数码家电,75,0,144045.0,0.0,0.7835792785453553,2.40075
公园,餐饮,192,0,50197.5,0.0,0.782860464618119,0.836625
服饰鞋帽,未知品类,657,639,158134.0,0.9726027397260274,0.7825565186924502,2.6355666666666666
滑雪景区,购物,23,0,44070.0,0.0,0.7769388695002508,0.7345
购物,医药健康,220,0,26369.5,0.0,0.772564645226523,0.43949166666666667
医药健康,美食,3557,0,123799.0,0.0,0.7718237842923801,2.0633166666666667
养车/用车,医药健康,21,0,62201.0,0.0,0.7622977961643629,1.0366833333333334
未知品类,休闲娱乐,4775,0,118063.0,0.0,0.7577015475924236,1.9677166666666666
酒店,亲子,135,0,51650.0,0.0,0.755078285048703,0.8608333333333333
生活服务,超市便利,509,0,50804.0,0.0,0.7511586431348412,0.8467333333333333
餐饮,教育培训,702,0,59028.0,0.0,0.740433076049329,0.9838
K歌,鲜花绿植,20,0,53654.0,0.0,0.7380424054487292,0.8942333333333333
展览馆,餐饮,260,0,50490.0,0.0,0.7363170046752181,0.8415
医药健康,丽人,265,0,63172.0,0.0,0.7343468311618009,1.0528666666666666
旅游,生活服务,54,0,81958.5,0.0,0.7261320425899763,1.365975
鲜花绿植,休闲娱乐,130,0,63410.0,0.0,0.7200314300567384,1.0568333333333333
休闲娱乐,鲜花绿植,144,0,54960.5,0.0,0.719944933104902,0.9160083333333333
未知品类,运动健身,1013,0,100033.0,0.0,0.7171993895546482,1.6672166666666666
鲜花绿植,酒水茶饮,24,0,54156.0,0.0,0.7122535606463141,0.9026
休闲食品,日用百货,170,0,57440.0,0.0,0.7085413966800714,0.9573333333333334
超市便利,饮品,6725,0,69293.0,0.0,0.7043360315998134,1.1548833333333333
未知品类,电影演出赛事,172,0,332870.0,0.0,0.704161099137565,5.547833333333333
甜点,食材,705,0,100537.0,0.0,0.7026444044768213,1.6756166666666668
休闲娱乐,医药健康,465,0,60540.0,0.0,0.6926036044404251,1.009
食材,鲜花绿植,63,0,43565.0,0.0,0.6909405126364149,0.7260833333333333
水上项目/水上体验,餐饮,97,0,59501.0,0.0,0.6826788640601218,0.9916833333333334
滑雪景区,餐饮,258,0,58919.0,0.0,0.6812686167703845,0.9819833333333333
未知品类,服饰鞋帽,283,0,109020.0,0.0,0.6755219274524349,1.817
电影演出赛事,未知品类,312,258,145725.0,0.8269230769230769,0.6722938737154988,2.42875
未知品类,丽人,1898,0,172692.0,0.0,0.6717010682469369,2.8782
超市便利,生活服务,424,0,52270.0,0.0,0.6691015282306997,0.8711666666666666
餐饮,地标建筑,79,0,48508.0,0.0,0.6690228874915133,0.8084666666666667
未知品类,人文街区,31,0,79054.0,0.0,0.6662626116775894,1.3175666666666668
未知品类,K歌,576,0,218013.5,0.0,0.665338277412131,3.6335583333333332
餐饮,鲜花绿植,726,0,56469.0,0.0,0.6519834305714881,0.94115
未知品类,亲子,590,0,115038.5,0.0,0.651124844419611,1.9173083333333334
鲜花绿植,医药健康,44,0,78295.5,0.0,0.6477845341682533,1.304925
K歌,酒水茶饮,30,0,41312.5,0.0,0.64545776110332,0.6885416666666667
丽人,服饰鞋帽,32,0,68977.0,0.0,0.6401913257584887,1.1496166666666667
酒水茶饮,鲜花绿植,24,0,44447.5,0.0,0.6395833136185702,0.7407916666666666
动物园类,餐饮,264,0,71095.5,0.0,0.6375782275566821,1.184925
医药健康,养车/用车,21,0,80685.0,0.0,0.6340977596447378,1.34475
丽人,鲜花绿植,55,0,40803.0,0.0,0.6339674601331389,0.68005
未知品类,购物,1622,0,175319.5,0.0,0.6333878668259537,2.9219916666666665
旅游,K歌,45,0,167885.0,0.0,0.6276893752569777,2.7980833333333335
食材,医药健康,192,0,83114.5,0.0,0.6237140773490107,1.3852416666666667
休闲食品,服饰鞋帽,28,0,103016.0,0.0,0.6198371383245785,1.7169333333333334
温泉景区,丽人,30,0,185826.5,0.0,0.618045844349545,3.0971083333333334
日用百货,酒水茶饮,74,0,51905.5,0.0,0.6171324335906595,0.8650916666666667
购物,展览馆,26,0,98773.0,0.0,0.6157639101436141,1.6462166666666667
未知品类,医疗健康,275,0,145805.0,0.0,0.613465971549303,2.430083333333333
购物,美妆日化,116,0,64021.5,0.0,0.6083645507268001,1.067025
酒水茶饮,日用百货,70,0,54330.5,0.0,0.6034230457627572,0.9055083333333334
宠物,酒店,93,0,51222.0,0.0,0.6032300216987057,0.8537
购物,旅游,102,0,65104.0,0.0,0.5996576179995109,1.0850666666666666
食材,甜点,701,0,84963.0,0.0,0.5965801485705907,1.41605
未知品类,养车/用车,160,0,130976.0,0.0,0.5945534447675088,2.182933333333333
其他旅游,餐饮,203,0,55090.0,0.0,0.5925988718347219,0.9181666666666667
餐饮,人文街区,43,0,51173.0,0.0,0.5918969245903467,0.8528833333333333
鲜花绿植,丽人,47,0,36523.0,0.0,0.5882184115206812,0.6087166666666667
水果,酒水茶饮,144,0,103861.0,0.0,0.5863197703966775,1.7310166666666666
植物园,餐饮,53,0,61387.0,0.0,0.5850831834187368,1.0231166666666667
亲子,医药健康,53,0,78777.0,0.0,0.5845225777419971,1.31295
鲜花绿植,饮品,226,0,65803.0,0.0,0.5836127531063,1.0967166666666666
人文古迹,丽人,22,0,147987.5,0.0,0.5825392634136705,2.466458333333333
休闲娱乐,未知品类,7738,5393,184139.5,0.6969501163091238,0.5810371848305832,3.068991666666667
主题乐园,餐饮,416,0,59583.5,0.0,0.5790995370028892,0.9930583333333334
未知品类,生活服务,515,0,193888.0,0.0,0.5756816205662005,3.2314666666666665
鲜花绿植,美食,596,0,56477.5,0.0,0.5748629682939844,0.9412916666666666
丽人,滑雪景区,24,0,95733.0,0.0,0.5733177206354272,1.59555
日用百货,休闲食品,157,0,50569.0,0.0,0.5730722022852865,0.8428166666666667
休闲娱乐,美食,5753,0,57615.0,0.0,0.572058744831485,0.96025
美食,鲜花绿植,599,0,64681.0,0.0,0.5702062425098102,1.0780166666666666
休闲食品,母婴玩具,21,0,103498.0,0.0,0.56925193568658,1.7249666666666668
温泉景区,餐饮,317,0,60448.0,0.0,0.5683675492152123,1.0074666666666667
丽人,温泉景区,38,0,95543.5,0.0,0.5682690428470848,1.5923916666666666
饮品,鲜花绿植,211,0,102578.0,0.0,0.5650472976551318,1.7096333333333333
运动健身,未知品类,1683,1118,152697.0,0.6642899584076055,0.5623852746683812,2.54495
美食,酒店,3488,0,96775.0,0.0,0.5585481223155443,1.6129166666666668
休闲食品,数码家电,46,0,83864.5,0.0,0.557901050856633,1.3977416666666667
医药健康,休闲娱乐,449,0,94094.0,0.0,0.5572048452285333,1.5682333333333334
餐饮,旅游,1240,0,36090.0,0.0,0.5548365432885377,0.6015
饮品,医药健康,694,0,130923.0,0.0,0.5544996792711309,2.18205
酒水茶饮,K歌,25,0,80621.0,0.0,0.552577191578877,1.3436833333333333
鲜花绿植,休闲食品,43,0,60096.0,0.0,0.5525638190463977,1.0016
养车/用车,超市便利,106,0,47152.5,0.0,0.5508116740133273,0.785875
美妆日化,结婚,23,0,142096.0,0.0,0.5504511479565866,2.3682666666666665
医药健康,购物,177,0,41863.0,0.0,0.542175310093315,0.6977166666666667
运动健身,医药健康,81,0,76782.0,0.0,0.5421075506436465,1.2797
医药健康,鲜花绿植,49,0,88523.0,0.0,0.5416799043516467,1.4753833333333333
酒店,宠物,81,0,60945.0,0.0,0.5369219756213539,1.01575
休闲娱乐,酒水茶饮,181,0,47940.0,0.0,0.5353610582390502,0.799
饮品,酒水茶饮,337,0,86529.0,0.0,0.5337154243228188,1.44215
购物,未知品类,3006,2184,232924.5,0.7265469061876247,0.5310020940333777,3.882075
购物,食材,175,0,55991.0,0.0,0.5268581625048419,0.9331833333333334
结婚,日用百货,23,0,39451.0,0.0,0.5249728827576661,0.6575166666666666
丽人,旅游,92,0,64287.0,0.0,0.5248715303528099,1.07145
自然景观,丽人,30,0,233800.5,0.0,0.5245477180255829,3.896675
自然景观,购物,27,0,108534.0,0.0,0.522734886553982,1.8089
休闲食品,美妆日化,93,0,56227.0,0.0,0.5220277380210322,0.9371166666666667
酒水茶饮,医药健康,67,0,74291.0,0.0,0.5207551602360948,1.2381833333333334
K歌,饮品,274,0,84104.0,0.0,0.5167055462126087,1.4017333333333333
丽人,美食,2268,0,61006.0,0.0,0.5143431143191829,1.0167666666666666
K歌,未知品类,964,746,225085.5,0.7738589211618258,0.5128343859381853,3.751425
医药健康,食材,183,0,96538.0,0.0,0.5109713913336081,1.6089666666666667
丽人,展览馆,22,0,102972.5,0.0,0.5084897943607142,1.7162083333333333
养车/用车,未知品类,287,204,208853.0,0.710801393728223,0.504097705625236,3.4808833333333333
度假景区,餐饮,76,0,98116.5,0.0,0.5037832086279536,1.635275
养车/用车,美食,216,0,66112.5,0.0,0.5029602438181576,1.101875
服饰鞋帽,丽人,24,0,191635.5,0.0,0.5010590310990778,3.193925
美食,宠物,561,0,116195.0,0.0,0.4999583979938158,1.9365833333333333
饮品,食材,724,0,109905.5,0.0,0.4953281274503008,1.8317583333333334
宠物,美食,648,0,76222.0,0.0,0.49506289272805953,1.2703666666666666
未知品类,教育培训,302,0,99412.0,0.0,0.49394110850381423,1.6568666666666667
食材,数码家电,47,0,73748.0,0.0,0.4931721595765531,1.2291333333333334
服饰鞋帽,休闲食品,23,0,77974.0,0.0,0.49293824986412593,1.2995666666666668
亲子,日用百货,40,0,56674.5,0.0,0.49252724837333745,0.944575
丽人,饮品,809,0,71075.0,0.0,0.490244090837335,1.1845833333333333
甜点,酒水茶饮,212,0,87935.0,0.0,0.4899463927690975,1.4655833333333332
餐饮,自然景观,472,0,44960.5,0.0,0.488546458084838,0.7493416666666667
教育培训,日用百货,26,0,45897.0,0.0,0.482202768902338,0.76495
餐饮,展览馆,274,0,77491.5,0.0,0.4816264242412726,1.291525
医药健康,饮品,830,0,131519.0,0.0,0.4813069712073694,2.1919833333333334
非标住宿,未知品类,242,158,132035.0,0.6528925619834711,0.48108467639379215,2.2005833333333333
餐饮,休闲食品,2049,0,28509.0,0.0,0.48010393909834376,0.47515
未知品类,家居,48,0,99211.5,0.0,0.47987396570110735,1.653525
餐饮,人文古迹,320,0,57957.5,0.0,0.4793668457249458,0.9659583333333334
酒水茶饮,水果,131,0,88300.0,0.0,0.47723761505378376,1.4716666666666667
购物,酒店,241,0,96969.0,0.0,0.4760683154803886,1.61615
酒店,购物,241,0,88100.0,0.0,0.4759297713481415,1.4683333333333333
未知品类,人文古迹,204,0,77989.5,0.0,0.4738259914613735,1.299825
餐饮,水上项目/水上体验,99,0,38943.0,0.0,0.47381224326594423,0.64905
结婚,医药健康,23,0,38399.0,0.0,0.4730401418546151,0.6399833333333333
丽人,未知品类,2753,2040,197204.0,0.7410098074827461,0.4714446147270977,3.2867333333333333
食材,母婴玩具,20,0,138255.5,0.0,0.47032614671519024,2.3042583333333333
未知品类,展览馆,172,0,98913.0,0.0,0.4689491717816663,1.64855
医药健康,酒水茶饮,72,0,137065.5,0.0,0.4685324687290656,2.284425
酒店,饮品,1248,0,83626.5,0.0,0.4670800724849289,1.393775
酒水茶饮,美妆日化,40,0,55015.0,0.0,0.4670291715025685,0.9169166666666667
酒店,超市便利,1498,0,82011.0,0.0,0.46630175872879925,1.36685
主题乐园,丽人,29,0,110992.0,0.0,0.46472416974711883,1.8498666666666668
医疗健康,未知品类,495,389,215958.0,0.7858585858585858,0.4640111440777416,3.5993
未知品类,动物园类,162,0,64698.5,0.0,0.4604867739108057,1.0783083333333334
生活服务,未知品类,918,719,240312.5,0.7832244008714597,0.46023524977573693,4.005208333333333
旅游,餐饮,1217,0,125391.0,0.0,0.4570479542065594,2.08985
丽人,自然景观,34,0,54499.5,0.0,0.45634107907638327,0.908325
食材,日用百货,126,0,63554.5,0.0,0.455481594898073,1.0592416666666666
美妆日化,休闲食品,101,0,50319.0,0.0,0.4543437905834897,0.83865
超市便利,养车/用车,86,0,81280.5,0.0,0.45337201108467945,1.354675
医药健康,运动健身,81,0,108884.0,0.0,0.45267272006829135,1.8147333333333333
亲子,未知品类,822,486,136619.5,0.5912408759124088,0.45001564851694675,2.2769916666666665
休闲娱乐,饮品,1693,0,71754.0,0.0,0.4496691483100271,1.1959
日用百货,结婚,23,0,76566.0,0.0,0.4482152330943668,1.2761
酒水茶饮,休闲娱乐,152,0,42880.0,0.0,0.4473816815439391,0.7146666666666667
运动健身,美食,1010,0,57719.5,0.0,0.44708973644376176,0.9619916666666667
餐饮,食材,1937,0,43414.0,0.0,0.44551462270074427,0.7235666666666667
运动健身,饮品,376,0,60004.0,0.0,0.44513711752676144,1.0000666666666667
旅游,购物,95,0,101615.0,0.0,0.44334590612426417,1.6935833333333334
酒店,美妆日化,141,0,108782.0,0.0,0.4422541042389007,1.8130333333333333
K歌,医药健康,41,0,110620.0,0.0,0.44185407506132784,1.8436666666666666
生活服务,美食,665,0,68673.0,0.0,0.44166225688154476,1.14455
宠物,食材,44,0,78641.0,0.0,0.4394350971379077,1.3106833333333334
未知品类,自然景观,273,0,106176.0,0.0,0.4380234371055024,1.7696
日用百货,食材,122,0,42319.0,0.0,0.4379092808284011,0.7053166666666667
宠物,旅游,22,0,100538.5,0.0,0.43681259100907766,1.6756416666666667
食材,餐饮,1767,0,52657.0,0.0,0.4360466663395238,0.8776166666666667
餐饮,动物园类,236,0,69277.5,0.0,0.43258937159554917,1.154625
休闲食品,餐饮,1516,0,40845.0,0.0,0.4322532801799223,0.68075
未知品类,主题乐园,277,0,99572.0,0.0,0.4316238208172728,1.6595333333333333
K歌,美食,610,0,89667.5,0.0,0.42997452478172216,1.4944583333333334
食材,饮品,743,0,98271.0,0.0,0.42941976298179324,1.63785
美食,数码家电,473,0,60029.0,0.0,0.428702177616174,1.0004833333333334
生活服务,美妆日化,28,0,114307.5,0.0,0.4276392877592253,1.905125
未知品类,结婚,228,0,155082.0,0.0,0.4274074253609758,2.5847
医疗健康,美食,341,0,63121.0,0.0,0.42366689669627694,1.0520166666666666
水果,医药健康,206,0,132812.5,0.0,0.4229220442464945,2.2135416666666665
未知品类,非标住宿,119,0,99440.0,0.0,0.4226461805369742,1.6573333333333333
食材,购物,138,0,47527.5,0.0,0.42191260315633083,0.792125
餐饮,其他旅游,213,0,94511.0,0.0,0.4210908762446583,1.5751833333333334
数码家电,食材,39,0,68113.0,0.0,0.4206558194824416,1.1352166666666668
医药健康,餐饮,1698,0,104440.0,0.0,0.4204904382942314,1.7406666666666666
丽人,主题乐园,32,0,87416.5,0.0,0.4178777846064506,1.4569416666666666
未知品类,植物园,32,0,140836.0,0.0,0.41739752072167385,2.3472666666666666
酒水茶饮,饮品,303,0,64646.0,0.0,0.4157948521179722,1.0774333333333332
美食,休闲娱乐,3771,0,79028.0,0.0,0.4097151771820521,1.3171333333333333
甜点,医药健康,351,0,158624.0,0.0,0.40910526195997454,2.6437333333333335
医药健康,甜点,478,0,149965.0,0.0,0.40848793619931467,2.499416666666667
医药健康,结婚,27,0,113449.0,0.0,0.4078806720294591,1.8908166666666666
宠物,饮品,199,0,85613.0,0.0,0.4073376827432504,1.4268833333333333
餐饮,医药健康,1505,0,63103.0,0.0,0.4042915581946734,1.0517166666666666
医药健康,水果,262,0,173084.0,0.0,0.40265406484043487,2.884733333333333
酒水茶饮,甜点,198,0,77962.5,0.0,0.40075707151370155,1.299375
餐饮,植物园,48,0,73389.0,0.0,0.4004330800539594,1.22315
丽人,人文古迹,20,0,134458.0,0.0,0.39587588609876245,2.2409666666666666
美妆日化,购物,81,0,72664.0,0.0,0.3932475556639097,1.2110666666666667
餐饮,公园,152,0,103155.5,0.0,0.3926873470058882,1.7192583333333333
数码家电,美食,477,0,59450.0,0.0,0.39267048454855685,0.9908333333333333
购物,主题乐园,29,0,83053.0,0.0,0.39187960428305435,1.3842166666666667
休闲娱乐,服饰鞋帽,45,0,74633.0,0.0,0.39138665561220604,1.2438833333333332
美食,生活服务,506,0,106816.5,0.0,0.38727292316934614,1.780275
教育培训,医药健康,23,0,113453.0,0.0,0.3862231511947248,1.8908833333333332
水果,餐饮,2473,0,62659.0,0.0,0.3857555163336155,1.0443166666666666
美妆日化,酒水茶饮,37,0,66032.0,0.0,0.38400145865364066,1.1005333333333334
养车/用车,饮品,61,0,70162.0,0.0,0.38368474113268813,1.1693666666666667
餐饮,滑雪景区,210,0,46499.5,0.0,0.38331959429953644,0.7749916666666666
美食,丽人,1573,0,97841.0,0.0,0.3811819381831784,1.6306833333333333
数码家电,酒店,54,0,116458.0,0.0,0.3801040234926377,1.9409666666666667
未知品类,滑雪景区,134,0,93493.5,0.0,0.3795896747264778,1.558225
医药健康,亲子,43,0,158490.0,0.0,0.37835369230610966,2.6415
未知品类,旅游,544,0,194336.5,0.0,0.37713065528067014,3.238941666666667
甜点,数码家电,101,0,64435.0,0.0,0.3768961065348043,1.0739166666666666
饮品,数码家电,147,0,136258.0,0.0,0.3754112537560204,2.270966666666667
餐饮,主题乐园,373,0,60586.0,0.0,0.3751717711742692,1.0097666666666667
饮品,酒店,832,0,118962.0,0.0,0.3740010765105482,1.9827
饮品,丽人,549,0,154256.0,0.0,0.3735583939554183,2.5709333333333335
食材,美妆日化,76,0,72832.5,0.0,0.3701301340813717,1.213875
旅游,宠物,23,0,179600.0,0.0,0.3690222323855135,2.993333333333333
美食,养车/用车,143,0,58184.0,0.0,0.364086040153197,0.9697333333333333
饮品,电影演出赛事,45,0,165103.0,0.0,0.3595245020902587,2.751716666666667
超市便利,酒店,1084,0,100825.5,0.0,0.3580002108072841,1.680425
教育培训,未知品类,437,263,127731.0,0.6018306636155606,0.35605855201196723,2.12885
丽人,甜点,397,0,88956.0,0.0,0.35467699012014003,1.4826
休闲娱乐,日用百货,214,0,63930.5,0.0,0.35463056589037023,1.0655083333333333
食材,宠物,34,0,79689.0,0.0,0.3537085543725582,1.32815
医药健康,休闲食品,124,0,135078.0,0.0,0.3536404976484787,2.2513
餐饮,水果,2788,0,59982.5,0.0,0.35347140130594645,0.9997083333333333
休闲食品,鲜花绿植,27,0,82923.0,0.0,0.34923738057768927,1.38205
丽人,超市便利,690,0,63103.0,0.0,0.34788997668769717,1.0517166666666666
美食,医疗健康,226,0,72160.5,0.0,0.34544886061496954,1.202675
数码家电,休闲食品,31,0,64840.0,0.0,0.34283891050056475,1.0806666666666667
日用百货,亲子,30,0,80938.5,0.0,0.34174901364304316,1.348975
饮品,K歌,153,0,169318.0,0.0,0.3409825489757752,2.8219666666666665
休闲食品,医药健康,90,0,98082.0,0.0,0.3397595216456881,1.6347
甜点,日用百货,261,0,122530.0,0.0,0.33793452823551884,2.0421666666666667
水果,数码家电,51,0,69299.0,0.0,0.33777103003039877,1.1549833333333333
未知品类,水上项目/水上体验,45,0,295239.0,0.0,0.33733870075436967,4.92065
饮品,休闲娱乐,1104,0,114135.0,0.0,0.3366207397206208,1.90225
购物,自然景观,24,0,112618.0,0.0,0.3362463600630983,1.8769666666666667
酒水茶饮,酒店,77,0,185921.0,0.0,0.3361480747832603,3.0986833333333332
人文古迹,未知品类,222,154,112612.5,0.6936936936936937,0.33515304046715344,1.876875
美食,K歌,423,0,95057.0,0.0,0.3347411197676745,1.5842833333333333
动物园类,未知品类,207,150,102532.0,0.7246376811594203,0.33124453060893244,1.7088666666666668
丽人,日用百货,87,0,98099.0,0.0,0.33095430924299823,1.6349833333333332
休闲娱乐,数码家电,69,0,66721.0,0.0,0.33076987412888054,1.1120166666666667
展览馆,未知品类,176,129,94144.5,0.7329545454545454,0.33051819039915886,1.569075
甜点,母婴玩具,40,0,206284.5,0.0,0.33023861161291296,3.438075
教育培训,美食,305,0,61070.0,0.0,0.3293975983172501,1.0178333333333334
餐饮,度假景区,64,0,98022.0,0.0,0.3291106535339179,1.6337
酒店,酒水茶饮,78,0,99071.5,0.0,0.3273796619027925,1.6511916666666666
甜点,服饰鞋帽,48,0,71571.5,0.0,0.32601518873851487,1.1928583333333334
家居,美食,55,0,59347.0,0.0,0.3257577602768799,0.9891166666666666
家居,未知品类,73,52,177995.0,0.7123287671232876,0.3250773958980143,2.9665833333333333
餐饮,酒水茶饮,609,0,69438.0,0.0,0.32409780921999926,1.1573
主题乐园,未知品类,351,248,155152.0,0.7065527065527065,0.32356206854253505,2.5858666666666665
未知品类,公园,80,0,134852.0,0.0,0.3217677795175033,2.247533333333333
甜点,宠物,87,0,220594.0,0.0,0.3198337983643084,3.6765666666666665
电影演出赛事,饮品,41,0,351795.0,0.0,0.3189515463570516,5.86325
饮品,宠物,126,0,136408.5,0.0,0.31686151715090144,2.273475
数码家电,饮品,143,0,78691.0,0.0,0.3158433724655357,1.3115166666666667
滑雪景区,未知品类,180,128,107654.5,0.7111111111111111,0.31513378886875654,1.7942416666666667
医药健康,K歌,34,0,119952.5,0.0,0.3149947060717482,1.9992083333333333
未知品类,其他旅游,102,0,114520.0,0.0,0.31369048134854544,1.9086666666666667
酒店,甜点,567,0,109668.0,0.0,0.3127518085381221,1.8278
美食,运动健身,643,0,88727.0,0.0,0.31186334682551575,1.4787833333333333
酒店,服饰鞋帽,25,0,134848.0,0.0,0.31165259349161334,2.2474666666666665
甜点,美妆日化,179,0,172349.0,0.0,0.3111719125817726,2.8724833333333333
饮品,运动健身,225,0,166075.0,0.0,0.30694116080093503,2.767916666666667
酒店,水果,309,0,131872.0,0.0,0.30644024817463994,2.1978666666666666
服饰鞋帽,休闲娱乐,33,0,59233.0,0.0,0.3056402769664863,0.9872166666666666
购物,休闲食品,99,0,61317.0,0.0,0.3049679938737982,1.02195
生活服务,饮品,171,0,114027.0,0.0,0.30454636451332506,1.90045
休闲食品,宠物,25,0,87939.0,0.0,0.3035658222748898,1.46565
宠物,甜点,100,0,65073.5,0.0,0.3028785796899888,1.0845583333333333
休闲食品,购物,85,0,73901.0,0.0,0.30158390239154115,1.2316833333333332
K歌,甜点,108,0,185121.5,0.0,0.3015501305257375,3.085358333333333
数码家电,水果,51,0,96314.0,0.0,0.3014864727689684,1.6052333333333333
饮品,服饰鞋帽,65,0,212519.0,0.0,0.3014461781691331,3.5419833333333335
水果,美妆日化,98,0,75251.0,0.0,0.30085736950336484,1.2541833333333334
养车/用车,甜点,32,0,106792.5,0.0,0.3006902677682255,1.779875
餐饮,温泉景区,259,0,49314.0,0.0,0.3001137866594089,0.8219
未知品类,地标建筑,22,0,289744.5,0.0,0.29770140341573126,4.829075
美食,母婴玩具,150,0,153330.5,0.0,0.2976986113911758,2.5555083333333335
服饰鞋帽,甜点,47,0,113540.0,0.0,0.29717635812819615,1.8923333333333334
食材,生活服务,33,0,193311.0,0.0,0.29503127630464643,3.22185
美食,服饰鞋帽,180,0,100391.0,0.0,0.2947651918113692,1.6731833333333332
自然景观,未知品类,292,210,118392.5,0.7191780821917808,0.2941926801616701,1.9732083333333332
结婚,美食,222,0,59834.0,0.0,0.2940109857705115,0.9972333333333333
服饰鞋帽,美食,185,0,54641.0,0.0,0.29292366215214427,0.9106833333333333
美食,美妆日化,691,0,146052.0,0.0,0.2928126581483014,2.4342
休闲娱乐,超市便利,1325,0,65954.0,0.0,0.29279235302041523,1.0992333333333333
医药健康,教育培训,22,0,69448.5,0.0,0.29263676948569123,1.157475
美食,日用百货,924,0,124062.5,0.0,0.2920309476635009,2.0677083333333335
生活服务,甜点,111,0,147062.0,0.0,0.29198839358676654,2.451033333333333
母婴玩具,休闲娱乐,29,0,44726.0,0.0,0.2887218512898995,0.7454333333333333
超市便利,餐饮,6442,0,84008.0,0.0,0.2883054100586771,1.4001333333333332
亲子,饮品,148,0,96460.0,0.0,0.2880544935955499,1.6076666666666666
餐饮,超市便利,7220,0,72419.5,0.0,0.28799465089676196,1.2069916666666667
水果,宠物,44,0,167949.5,0.0,0.2875092175444722,2.799158333333333
教育培训,饮品,99,0,51973.0,0.0,0.2874139982840355,0.8662166666666666
医疗健康,甜点,58,0,74282.5,0.0,0.2873306432646252,1.2380416666666667
饮品,生活服务,133,0,154757.0,0.0,0.2870662901332912,2.579283333333333
酒店,数码家电,42,0,95555.5,0.0,0.2862500547140085,1.5925916666666666
母婴玩具,甜点,42,0,237961.5,0.0,0.28501532083362924,3.966025
饮品,养车/用车,39,0,152817.0,0.0,0.2836414852439429,2.54695
甜点,酒店,432,0,149794.0,0.0,0.2831989602387558,2.496566666666667
酒水茶饮,餐饮,483,0,80838.0,0.0,0.28287365610714305,1.3473
宠物,水果,51,0,84283.0,0.0,0.27995172471404206,1.4047166666666666
美妆日化,食材,63,0,106965.0,0.0,0.27982800832575644,1.78275
美妆日化,水果,115,0,84787.0,0.0,0.2796190614566162,1.4131166666666666
水果,日用百货,122,0,105370.5,0.0,0.2788906555982889,1.756175
美妆日化,酒店,96,0,174276.5,0.0,0.27871209051503587,2.9046083333333335
服饰鞋帽,酒店,20,0,456483.5,0.0,0.27822760742221764,7.608058333333333
饮品,日用百货,313,0,119214.0,0.0,0.2780257476085913,1.9869
运动健身,超市便利,282,0,53263.0,0.0,0.2779555912641936,0.8877166666666667
服饰鞋帽,水果,24,0,153392.5,0.0,0.27787254898364155,2.5565416666666665
结婚,未知品类,278,151,176501.0,0.5431654676258992,0.2777865457666668,2.941683333333333
休闲娱乐,甜点,706,0,97276.5,0.0,0.2763259635189619,1.621275
旅游,丽人,65,0,164488.0,0.0,0.2762582518747763,2.7414666666666667
水果,酒店,239,0,82436.0,0.0,0.27593867537999006,1.3739333333333332
日用百货,甜点,251,0,123606.0,0.0,0.2755145495942349,2.0601
运动健身,美妆日化,27,0,74187.0,0.0,0.2753373431348345,1.23645
饮品,美妆日化,231,0,206490.0,0.0,0.2753213952024884,3.4415
非标住宿,餐饮,91,0,155638.0,0.0,0.2751726717892043,2.5939666666666668
其他旅游,未知品类,142,85,229979.0,0.5985915492957746,0.2749568016671761,3.8329833333333334
运动健身,酒水茶饮,20,0,94195.0,0.0,0.2747688257490733,1.5699166666666666
酒店,日用百货,117,0,150261.0,0.0,0.27420093240916454,2.50435
美食,游玩,21,0,224383.0,0.0,0.27395271815196154,3.739716666666667
生活服务,食材,31,0,63693.0,0.0,0.27166430896159555,1.06155
运动健身,日用百货,36,0,90782.0,0.0,0.271463973976191,1.5130333333333332
日用百货,休闲娱乐,170,0,62121.5,0.0,0.27145556958761297,1.0353583333333334
数码家电,甜点,83,0,59904.0,0.0,0.27127586421586203,0.9984
亲子,美食,372,0,91101.0,0.0,0.2700774369495233,1.51835
日用百货,水果,136,0,90182.5,0.0,0.2689039503212804,1.5030416666666666
医疗健康,饮品,80,0,100223.5,0.0,0.2679121187156362,1.6703916666666667
休闲娱乐,母婴玩具,25,0,43449.0,0.0,0.26780813782560464,0.72415
休闲娱乐,美妆日化,120,0,85421.0,0.0,0.2674974726477869,1.4236833333333334
地标建筑,未知品类,35,24,188612.0,0.6857142857142857,0.26714552889254045,3.1435333333333335
医疗健康,超市便利,96,0,69103.0,0.0,0.2668797329222593,1.1517166666666667
游玩,未知品类,30,16,346427.0,0.5333333333333333,0.2666080127378271,5.773783333333333
母婴玩具,美食,157,0,86897.0,0.0,0.26639454614242014,1.4482833333333334
餐饮,非标住宿,116,0,61691.0,0.0,0.26624380216498994,1.0281833333333332
数码家电,休闲娱乐,55,0,68456.0,0.0,0.26259021900189067,1.1409333333333334
超市便利,丽人,525,0,70214.0,0.0,0.2625471132848919,1.1702333333333332
母婴玩具,水果,21,0,185691.0,0.0,0.2617912028959019,3.09485
数码家电,丽人,24,0,137984.5,0.0,0.26136518980697904,2.299741666666667
饮品,母婴玩具,46,0,218145.0,0.0,0.25987586246752464,3.63575
K歌,超市便利,165,0,106740.0,0.0,0.2594508139290223,1.779
丽人,数码家电,23,0,50410.0,0.0,0.2585751662900575,0.8401666666666666
水果,服饰鞋帽,21,0,152980.0,0.0,0.2573131669341013,2.5496666666666665
运动健身,甜点,147,0,114152.0,0.0,0.2572982117819834,1.9025333333333334
日用百货,美食,913,0,103629.0,0.0,0.2541901312655788,1.72715
购物,饮品,405,0,120166.0,0.0,0.2534833538561654,2.0027666666666666
服饰鞋帽,饮品,59,0,114337.0,0.0,0.2522909520830482,1.9056166666666667
母婴玩具,饮品,55,0,176431.0,0.0,0.25209555247762194,2.9405166666666664
饮品,医疗健康,58,0,204497.5,0.0,0.2518129977433651,3.4082916666666665
植物园,未知品类,34,24,91021.0,0.7058823529411765,0.25100922177822593,1.5170166666666667
甜点,丽人,252,0,123389.5,0.0,0.2503180912674203,2.0564916666666666
美食,家居,36,0,37696.5,0.0,0.2480900489557973,0.628275
美妆日化,美食,720,0,116052.5,0.0,0.2462520891955454,1.9342083333333333
美食,购物,920,0,110138.0,0.0,0.2460862576735209,1.8356333333333332
购物,美食,1049,0,105390.0,0.0,0.24552956575299845,1.7565
未知品类,温泉景区,135,0,109863.0,0.0,0.2429705095840576,1.83105
购物,水果,146,0,61667.0,0.0,0.24260288260101556,1.0277833333333333
购物,甜点,262,0,96925.5,0.0,0.24176963401384854,1.615425
饮品,购物,321,0,155121.0,0.0,0.24129694723203493,2.58535
日用百货,饮品,322,0,125166.5,0.0,0.23984127621939821,2.0861083333333332
美妆日化,甜点,177,0,119371.0,0.0,0.23899904700959848,1.9895166666666666
公园,未知品类,88,61,183060.5,0.6931818181818182,0.2389542921752372,3.0510083333333333
度假景区,未知品类,54,30,354541.0,0.5555555555555556,0.23818446345028937,5.909016666666667
甜点,生活服务,75,0,159147.0,0.0,0.23717390163146596,2.65245
休闲娱乐,水果,335,0,89041.0,0.0,0.23576219928816414,1.4840166666666668
旅游,未知品类,945,689,143210.0,0.7291005291005291,0.23496511856107227,2.386833333333333
结婚,超市便利,79,0,53604.0,0.0,0.23425783036336836,0.8934
K歌,水果,46,0,63511.0,0.0,0.2334336701689358,1.0585166666666668
日用百货,酒店,98,0,153197.0,0.0,0.23162588931582612,2.5532833333333333
甜点,购物,211,0,113179.0,0.0,0.23142364202751023,1.8863166666666666
日用百货,丽人,64,0,92040.5,0.0,0.23005581811135134,1.5340083333333334
教育培训,超市便利,95,0,66543.0,0.0,0.22951742847088788,1.10905
电影演出赛事,美食,79,0,239379.0,0.0,0.227539340092896,3.98965
超市便利,休闲娱乐,1008,0,70550.5,0.0,0.22588919179681538,1.1758416666666667
美食,电影演出赛事,80,0,131638.0,0.0,0.2257290514275275,2.193966666666667
饮品,亲子,105,0,240066.0,0.0,0.22424738476241046,4.0011
甜点,医疗健康,35,0,119938.0,0.0,0.2238229109045538,1.9989666666666666
亲子,超市便利,138,0,67683.0,0.0,0.22353200131003217,1.12805
水果,购物,115,0,71511.0,0.0,0.22260116227643104,1.19185
超市便利,医疗健康,69,0,117996.0,0.0,0.21955830274485538,1.9666
宠物,休闲食品,21,0,43999.0,0.0,0.21886591161419985,0.7333166666666666
丽人,水果,135,0,71561.0,0.0,0.21758125032227205,1.1926833333333333
甜点,休闲娱乐,489,0,114070.0,0.0,0.21744557755173455,1.9011666666666667
美食,结婚,169,0,84657.0,0.0,0.21723610813234237,1.41095
亲子,甜点,75,0,97791.0,0.0,0.21633389611468595,1.62985
甜点,亲子,69,0,176231.0,0.0,0.21572251205464826,2.9371833333333335
丽人,酒水茶饮,31,0,50307.0,0.0,0.2146214037299517,0.83845
美妆日化,饮品,234,0,113362.5,0.0,0.21429963715888417,1.889375
未知品类,度假景区,26,0,124061.0,0.0,0.21158964310686815,2.0676833333333335
甜点,K歌,64,0,119659.0,0.0,0.20965281405400155,1.9943166666666667
甜点,结婚,39,0,165453.0,0.0,0.20882727194331246,2.75755
美食,教育培训,186,0,79926.5,0.0,0.20871355804629393,1.3321083333333332
运动健身,食材,35,0,122443.0,0.0,0.2038039484811798,2.0407166666666665
教育培训,甜点,47,0,74450.0,0.0,0.20312891424738244,1.2408333333333332
超市便利,结婚,76,0,62307.5,0.0,0.20279989924767539,1.0384583333333333
超市便利,亲子,129,0,72047.0,0.0,0.20211128685480861,1.2007833333333333
数码家电,餐饮,213,0,114759.0,0.0,0.20056939618867753,1.91265
日用百货,运动健身,27,0,71151.0,0.0,0.1981658332474138,1.18585
医药健康,旅游,35,0,60559.0,0.0,0.19443137545132078,1.0093166666666666
温泉景区,未知品类,162,100,118367.0,0.6172839506172839,0.19283574297031428,1.9727833333333333
酒水茶饮,丽人,28,0,82809.5,0.0,0.1890610139391166,1.3801583333333334
服饰鞋帽,餐饮,104,0,66214.5,0.0,0.18866065674449467,1.103575
丽人,食材,64,0,81329.0,0.0,0.1886246032632579,1.3554833333333334
餐饮,数码家电,219,0,92759.0,0.0,0.18776794767154223,1.5459833333333333
美妆日化,休闲娱乐,95,0,118428.0,0.0,0.18715698861311952,1.9738
结婚,饮品,52,0,105290.5,0.0,0.1865707164169702,1.7548416666666666
饮品,教育培训,58,0,79514.0,0.0,0.18468400800069637,1.3252333333333333
滑雪景区,美食,79,0,83609.0,0.0,0.18444125734617636,1.3934833333333334
水上项目/水上体验,未知品类,39,20,173064.0,0.5128205128205128,0.1844370426011067,2.8844
母婴玩具,餐饮,93,0,70969.0,0.0,0.18082006789489793,1.1828166666666666
水果,休闲娱乐,230,0,74384.5,0.0,0.18020384551026164,1.2397416666666667
食材,酒店,97,0,106224.0,0.0,0.17822378763646007,1.7704
超市便利,K歌,108,0,104080.5,0.0,0.17736324396471992,1.734675
超市便利,运动健身,176,0,89546.5,0.0,0.1766630205996915,1.4924416666666667
结婚,甜点,33,0,88957.0,0.0,0.17622564959349063,1.4826166666666667
美食,亲子,232,0,107719.5,0.0,0.17575561898952013,1.795325
主题乐园,美食,143,0,108114.0,0.0,0.17527869165865664,1.8019
餐饮,服饰鞋帽,113,0,94510.0,0.0,0.17519588631094754,1.5751666666666666
酒店,食材,95,0,102193.0,0.0,0.17213047514195773,1.7032166666666666
餐饮,母婴玩具,91,0,67727.0,0.0,0.1711626964661268,1.1287833333333332
甜点,运动健身,85,0,105546.0,0.0,0.17014572849687296,1.7591
日用百货,餐饮,534,0,82494.0,0.0,0.1697527441701047,1.3749
休闲娱乐,食材,131,0,102902.0,0.0,0.16800076175672785,1.7150333333333334
自然景观,美食,125,0,74303.0,0.0,0.16752764310222204,1.2383833333333334
酒店,休闲食品,89,0,165430.0,0.0,0.16440016981870673,2.7571666666666665
饮品,结婚,44,0,212077.0,0.0,0.16127380410995276,3.5346166666666665
超市便利,电影演出赛事,27,0,21499.0,0.0,0.16082530603574943,0.35831666666666667
餐饮,日用百货,538,0,102230.5,0.0,0.1605821768604941,1.7038416666666667
食材,丽人,57,0,114556.0,0.0,0.15956423198359998,1.9092666666666667
水果,丽人,90,0,171611.5,0.0,0.158274403338962,2.8601916666666667
电影演出赛事,超市便利,24,0,171221.5,0.0,0.15792538720947558,2.8536916666666667
自然景观,饮品,41,0,88314.0,0.0,0.14909879662920664,1.4719
自然景观,超市便利,49,0,82205.0,0.0,0.14764929318621392,1.3700833333333333
人文古迹,美食,73,0,89047.0,0.0,0.14727251767791782,1.4841166666666668
运动健身,水果,46,0,222646.5,0.0,0.1466916953800102,3.710775
水果,生活服务,25,0,89328.0,0.0,0.14263438338950687,1.4888
休闲食品,酒店,65,0,109803.0,0.0,0.13867096440176185,1.83005
水果,K歌,23,0,152779.0,0.0,0.13608058150068283,2.546316666666667
生活服务,水果,28,0,151386.0,0.0,0.13573072895310614,2.5231
餐饮,美妆日化,335,0,110326.0,0.0,0.13416661439428723,1.8387666666666667
超市便利,教育培训,57,0,89229.0,0.0,0.1334230813477583,1.48715
食材,休闲娱乐,107,0,98947.0,0.0,0.13326438212613886,1.6491166666666666
公园,美食,36,0,73981.0,0.0,0.1315461809912055,1.2330166666666666
甜点,教育培训,27,0,110824.0,0.0,0.12767657325551768,1.8470666666666666
食材,运动健身,22,0,48999.5,0.0,0.12652789143416587,0.8166583333333334
美食,自然景观,114,0,96324.0,0.0,0.12586968285538447,1.6054
美食,旅游,263,0,145647.0,0.0,0.1250765149969394,2.42745
饮品,旅游,92,0,223677.0,0.0,0.12357283712582443,3.72795
美食,非标住宿,50,0,74123.5,0.0,0.1229822375426771,1.2353916666666667
滑雪景区,超市便利,23,0,61141.0,0.0,0.12289232575355688,1.0190166666666667
水果,运动健身,34,0,57514.5,0.0,0.12172736442869027,0.958575
丽人,休闲食品,40,0,210965.5,0.0,0.1212110064321065,3.5160916666666666
展览馆,美食,48,0,118025.0,0.0,0.12116295900206579,1.9670833333333333
美食,人文古迹,73,0,184201.0,0.0,0.11710441001306386,3.0700166666666666
主题乐园,饮品,34,0,94642.5,0.0,0.11374795291228185,1.577375
饮品,人文古迹,24,0,205922.5,0.0,0.11095573725223436,3.4320416666666667
饮品,自然景观,35,0,112745.0,0.0,0.11050807721721093,1.8790833333333334
美食,动物园类,53,0,130486.0,0.0,0.10444792776130046,2.1747666666666667
其他旅游,美食,40,0,164681.5,0.0,0.10439122108737846,2.7446916666666668
休闲食品,休闲娱乐,72,0,174175.5,0.0,0.1040675191559724,2.902925
非标住宿,美食,38,0,70106.0,0.0,0.10224252075387713,1.1684333333333334
超市便利,自然景观,44,0,83474.0,0.0,0.10151488543366939,1.3912333333333333
动物园类,美食,47,0,76144.0,0.0,0.10122279138260723,1.2690666666666666
主题乐园,甜点,20,0,254132.5,0.0,0.10048874755092956,4.235541666666666
美妆日化,餐饮,256,0,125624.5,0.0,0.10014477942559823,2.093741666666667
美食,主题乐园,93,0,188009.0,0.0,0.09992288721950704,3.1334833333333334
休闲娱乐,休闲食品,76,0,190441.5,0.0,0.09983923916004937,3.174025
美食,展览馆,52,0,239139.0,0.0,0.09836306464377347,3.98565
人文古迹,超市便利,21,0,145929.0,0.0,0.09724294587947736,2.43215
美食,滑雪景区,49,0,187879.0,0.0,0.09625585103917415,3.1313166666666667
超市便利,滑雪景区,23,0,41968.0,0.0,0.09522748026778004,0.6994666666666667
美食,公园,34,0,160742.0,0.0,0.09519235928344723,2.6790333333333334
甜点,旅游,48,0,142209.5,0.0,0.0948444793042191,2.3701583333333334
休闲食品,丽人,26,0,131342.0,0.0,0.08581699909066287,2.189033333333333
美食,其他旅游,40,0,164237.0,0.0,0.08549180457551499,2.7372833333333335
温泉景区,美食,53,0,147906.0,0.0,0.08459513384439041,2.4651
主题乐园,超市便利,30,0,168510.5,0.0,0.08380573881249503,2.808508333333333
超市便利,旅游,79,0,38308.0,0.0,0.07811883349657206,0.6384666666666666
水果,旅游,21,0,111227.0,0.0,0.07485765749263482,1.8537833333333333
饮品,主题乐园,24,0,322716.5,0.0,0.07453244245651888,5.378608333333333
超市便利,人文古迹,21,0,179181.0,0.0,0.0717559847593178,2.98635
美食,温泉景区,53,0,196968.0,0.0,0.06605184113545318,3.2828
超市便利,温泉景区,24,0,106525.5,0.0,0.0630267762488518,1.775425
旅游,甜点,47,0,546518.0,0.0,0.06206356157317316,9.108633333333334
超市便利,主题乐园,27,0,63327.0,0.0,0.0613463982239524,1.05545
旅游,美食,178,0,269956.0,0.0,0.05887311024354297,4.499266666666666
旅游,饮品,58,0,329887.5,0.0,0.05181134602572495,5.498125
旅游,超市便利,56,0,439384.5,0.0,0.04163746102892861,7.323075
